case	mode	original_goal_symbol	private_qpos_m	public_extension_cm	endpoint_gap_mm	public_minus_qpos_extension_mm	ordinal_identity_matches
drawer559_drawer_open_libero90_t7_s27_r0_native_original160	open	wooden_cabinet_1_top_region	-0.090026779	9.02	49.973	0.173	True
drawer559_drawer_open_libero90_t8_s38_r0_native_original160	open	wooden_cabinet_1_top_region	-0.092563946	9.26	47.436	0.036	True
drawer559_drawer_open_libero90_t11_s16_r0_native_original160	open	wooden_cabinet_1_top_region	-0.086316860	8.65	53.683	0.183	True
drawer559_drawer_open_libero90_t7_s29_r0_native_original160	open	wooden_cabinet_1_top_region	-0.099271612	9.92	40.728	-0.072	True
drawer559_drawer_close_libero90_t23_s36_r0_native_original160	close	white_cabinet_1_bottom_region	-0.002031728	0.15	2.032	-0.532	True
drawer559_drawer_open_libero90_t7_s30_r0_native_original160	open	wooden_cabinet_1_top_region	-0.099407228	9.96	40.593	0.193	True
drawer559_drawer_open_libero90_t8_s24_r0_native_original160	open	wooden_cabinet_1_top_region	-0.132073982	13.22	7.926	0.126	True
drawer559_drawer_open_libero90_t8_s25_r0_native_original160	open	wooden_cabinet_1_top_region	-0.127793487	12.77	12.207	-0.093	True
drawer559_drawer_open_libero90_t8_s33_r0_native_original160	open	wooden_cabinet_1_top_region	-0.126714705	12.68	13.285	0.085	True
