case	type	before_qpos_m	after_qpos_m	endpoint_gap_mm	native_success_latched	raw_native_success_control_flags	final_state	public_verdict	recovery_failure
drawer559_drawer_close_libero90_t22_s20_r0_native_original160	drawer_close	-0.143100323	-0.160525380	160.525	True	587	final_still_fully_open_at_least140mm	None	waypoint_not_reached
drawer559_drawer_close_libero90_t22_s28_r0_native_original160	drawer_close	-0.146115242	-0.048710415	48.710	True	713	final_partial_close_gap15to140mm	False	None
drawer559_drawer_open_libero90_t7_s16_r0_native_original160	drawer_open	0.000000000	-0.007687715	132.312	True	235	final_opening_under25mm	False	None
drawer559_drawer_open_libero90_t7_s32_r0_native_original160	drawer_open	0.000000000	0.001659196	141.659	True	81	final_opening_under25mm	False	None
drawer559_drawer_close_libero90_t22_s13_r0_native_original160	drawer_close	-0.159252256	-0.009974260	9.974	True	700	final_close_gap_under15mm	None	None
drawer559_drawer_close_libero90_t22_s21_r0_native_original160	drawer_close	-0.144808435	-0.160326412	160.326	True	22	final_still_fully_open_at_least140mm	None	waypoint_not_reached
drawer559_drawer_close_libero90_t22_s37_r0_native_original160	drawer_close	-0.154001457	-0.054597008	54.597	True	215	final_partial_close_gap15to140mm	None	None
drawer559_drawer_open_libero90_t6_s39_r0_native_original160	drawer_open	0.000000000	0.000000000	140.000	False	0	final_opening_under25mm	None	None
drawer559_drawer_open_libero90_t7_s25_r0_native_original160	drawer_open	0.000000000	0.001659082	141.659	True	184	final_opening_under25mm	False	None
drawer559_drawer_open_libero90_t8_s19_r0_native_original160	drawer_open	0.000000000	-0.000057038	139.943	True	208	final_opening_under25mm	False	None
drawer559_drawer_open_libero90_t8_s27_r0_native_original160	drawer_open	0.000000000	0.001542092	141.542	True	619	final_opening_under25mm	None	waypoint_not_reached
drawer559_drawer_close_libero90_t22_s22_r0_native_original160	drawer_close	-0.142244996	-0.062342057	62.342	True	579	final_partial_close_gap15to140mm	False	None
drawer559_drawer_close_libero90_t22_s30_r0_native_original160	drawer_close	-0.152538281	-0.160322733	160.323	True	70	final_still_fully_open_at_least140mm	None	waypoint_not_reached
drawer559_drawer_close_libero90_t22_s38_r0_native_original160	drawer_close	-0.147334157	-0.083905075	83.905	True	703	final_partial_close_gap15to140mm	False	None
drawer559_drawer_close_libero90_t23_s32_r0_native_original160	drawer_close	-0.150090064	-0.003596862	3.597	False	0	final_close_gap_under15mm	None	None
drawer559_drawer_open_libero90_t7_s26_r0_native_original160	drawer_open	0.000000000	0.000000000	140.000	False	0	final_opening_under25mm	False	None
drawer559_drawer_open_libero90_t8_s36_r0_native_original160	drawer_open	0.000000000	0.001540743	141.541	True	291	final_opening_under25mm	False	None
drawer559_drawer_close_libero90_t22_s31_r0_native_original160	drawer_close	-0.154510476	-0.157040992	157.041	True	628	final_still_fully_open_at_least140mm	None	waypoint_not_reached
drawer559_drawer_close_libero90_t22_s39_r0_native_original160	drawer_close	-0.146139107	-0.044199556	44.200	True	380	final_partial_close_gap15to140mm	None	waypoint_not_reached
drawer559_drawer_open_libero90_t7_s19_r0_native_original160	drawer_open	0.000000000	0.001580960	141.581	False	0	final_opening_under25mm	False	None
drawer559_drawer_open_libero90_t7_s27_r0_native_original160	drawer_open	0.000000000	-0.090026779	49.973	True	264	final_partial_opening25to140mm	True	None
drawer559_drawer_close_libero90_t22_s24_r0_native_original160	drawer_close	-0.143924731	-0.041032311	41.032	True	713	final_partial_close_gap15to140mm	False	None
drawer559_drawer_close_libero90_t23_s34_r0_native_original160	drawer_close	-0.152031511	-0.001928830	1.929	False	0	final_close_gap_under15mm	None	None
drawer559_drawer_open_libero90_t7_s12_r0_native_original160	drawer_open	0.000000000	0.001648528	141.649	True	624	final_opening_under25mm	False	None
drawer559_drawer_open_libero90_t7_s36_r0_native_original160	drawer_open	0.000000000	-0.013032757	126.967	True	340	final_opening_under25mm	False	None
drawer559_drawer_open_libero90_t8_s38_r0_native_original160	drawer_open	0.000000000	-0.092563946	47.436	True	537	final_partial_opening25to140mm	True	None
drawer559_drawer_open_libero90_t11_s16_r0_native_original160	drawer_open	0.000000000	-0.086316860	53.683	True	555	final_partial_opening25to140mm	True	None
drawer559_drawer_close_libero90_t22_s25_r0_native_original160	drawer_close	-0.151278358	-0.061828890	61.829	True	52	final_partial_close_gap15to140mm	False	None
drawer559_drawer_close_libero90_t22_s33_r0_native_original160	drawer_close	-0.144809385	-0.060528281	60.528	True	707	final_partial_close_gap15to140mm	None	waypoint_not_reached
drawer559_drawer_open_libero90_t7_s29_r0_native_original160	drawer_open	0.000000000	-0.099271612	40.728	True	657	final_partial_opening25to140mm	True	None
drawer559_drawer_close_libero90_t22_s10_r0_native_original160	drawer_close	-0.157839663	-0.160427610	160.428	True	32	final_still_fully_open_at_least140mm	None	waypoint_not_reached
drawer559_drawer_close_libero90_t22_s26_r0_native_original160	drawer_close	-0.140858875	-0.075729358	75.729	True	515	final_partial_close_gap15to140mm	False	None
drawer559_drawer_close_libero90_t22_s34_r0_native_original160	drawer_close	-0.145869845	-0.057897677	57.898	False	0	final_partial_close_gap15to140mm	None	waypoint_not_reached
drawer559_drawer_close_libero90_t23_s36_r0_native_original160	drawer_close	-0.149253352	-0.002031728	2.032	False	0	final_close_gap_under15mm	True	None
drawer559_drawer_open_libero90_t7_s30_r0_native_original160	drawer_open	0.000000000	-0.099407228	40.593	True	542	final_partial_opening25to140mm	True	None
drawer559_drawer_open_libero90_t8_s24_r0_native_original160	drawer_open	0.000000000	-0.132073982	7.926	True	632	final_partial_opening25to140mm	True	None
drawer559_drawer_close_libero90_t22_s19_r0_native_original160	drawer_close	-0.144003929	-0.054498146	54.498	True	715	final_partial_close_gap15to140mm	None	None
drawer559_drawer_open_libero90_t8_s25_r0_native_original160	drawer_open	0.000000000	-0.127793487	12.207	True	182	final_partial_opening25to140mm	True	None
drawer559_drawer_open_libero90_t8_s33_r0_native_original160	drawer_open	0.000000000	-0.126714705	13.285	True	368	final_partial_opening25to140mm	True	None
