4177_0|COMPLETED|0:0|2026-10-06T14:12:01
4177_0.batch|COMPLETED|0:0|2026-10-06T14:12:01
4177_1|COMPLETED|0:0|2026-10-06T14:14:00
4177_1.batch|COMPLETED|0:0|2026-10-06T14:14:00
4177_2|COMPLETED|0:0|2026-10-06T14:14:24
4177_2.batch|COMPLETED|0:0|2026-10-06T14:14:24
4177_3|COMPLETED|0:0|2026-10-06T14:15:32
4177_3.batch|COMPLETED|0:0|2026-10-06T14:15:32
4177_4|COMPLETED|0:0|2026-10-06T14:15:45
4177_4.batch|COMPLETED|0:0|2026-10-06T14:15:45
4177_5|COMPLETED|0:0|2026-10-06T14:16:51
4177_5.batch|COMPLETED|0:0|2026-10-06T14:16:51
4177_6|COMPLETED|0:0|2026-10-06T14:18:12
4177_6.batch|COMPLETED|0:0|2026-10-06T14:18:12
4177_7|COMPLETED|0:0|2026-10-06T14:20:30
4177_7.batch|COMPLETED|0:0|2026-10-06T14:20:30
4178_0|COMPLETED|0:0|2026-10-06T14:18:00
4178_0.batch|COMPLETED|0:0|2026-10-06T14:18:00
4178_1|COMPLETED|0:0|2026-10-06T14:18:05
4178_1.batch|COMPLETED|0:0|2026-10-06T14:18:05
4178_2|COMPLETED|0:0|2026-10-06T14:18:57
4178_2.batch|COMPLETED|0:0|2026-10-06T14:18:57
4178_3|COMPLETED|0:0|2026-10-06T14:19:57
4178_3.batch|COMPLETED|0:0|2026-10-06T14:19:57
4178_4|COMPLETED|0:0|2026-10-06T14:20:27
4178_4.batch|COMPLETED|0:0|2026-10-06T14:20:27
4178_5|COMPLETED|0:0|2026-10-06T14:20:42
4178_5.batch|COMPLETED|0:0|2026-10-06T14:20:42
