swept_relation	threshold	n	TP	FP	FN	TN	null	precision	recall_measured	recall_all_positive	changed_rows
on	0.5	18	9	0	2	6	1	1.0	0.8181818181818182	0.8181818181818182	3
on	0.6	18	9	0	2	6	1	1.0	0.8181818181818182	0.8181818181818182	3
on	0.7	18	8	0	3	6	1	1.0	0.7272727272727273	0.7272727272727273	2
on	0.75	18	8	0	3	6	1	1.0	0.7272727272727273	0.7272727272727273	2
on	0.8	18	6	0	5	6	1	1.0	0.5454545454545454	0.5454545454545454	0
on	0.85	18	6	0	5	6	1	1.0	0.5454545454545454	0.5454545454545454	0
on	0.9	18	6	0	5	6	1	1.0	0.5454545454545454	0.5454545454545454	0
on	0.95	18	6	0	5	6	1	1.0	0.5454545454545454	0.5454545454545454	0
in	0.5	13	7	0	2	0	4	1.0	0.7777777777777778	0.5384615384615384	2
in	0.6	13	7	0	2	0	4	1.0	0.7777777777777778	0.5384615384615384	2
in	0.7	13	7	0	2	0	4	1.0	0.7777777777777778	0.5384615384615384	2
in	0.75	13	7	0	2	0	4	1.0	0.7777777777777778	0.5384615384615384	2
in	0.8	13	5	0	4	0	4	1.0	0.5555555555555556	0.38461538461538464	0
in	0.85	13	5	0	4	0	4	1.0	0.5555555555555556	0.38461538461538464	0
in	0.9	13	5	0	4	0	4	1.0	0.5555555555555556	0.38461538461538464	0
in	0.95	13	5	0	4	0	4	1.0	0.5555555555555556	0.38461538461538464	0
