4219_0|COMPLETED|0:0|2026-10-06T14:52:03
4219_0.batch|COMPLETED|0:0|2026-10-06T14:52:03
4219_1|COMPLETED|0:0|2026-10-06T14:54:35
4219_1.batch|COMPLETED|0:0|2026-10-06T14:54:35
4219_2|COMPLETED|0:0|2026-10-06T14:52:43
4219_2.batch|COMPLETED|0:0|2026-10-06T14:52:43
4219_3|COMPLETED|0:0|2026-10-06T14:53:38
4219_3.batch|COMPLETED|0:0|2026-10-06T14:53:38
4219_4|COMPLETED|0:0|2026-10-06T14:52:02
4219_4.batch|COMPLETED|0:0|2026-10-06T14:52:02
4219_5|COMPLETED|0:0|2026-10-06T14:54:18
4219_5.batch|COMPLETED|0:0|2026-10-06T14:54:18
4219_6|COMPLETED|0:0|2026-10-06T14:51:26
4219_6.batch|COMPLETED|0:0|2026-10-06T14:51:26
4219_7|COMPLETED|0:0|2026-10-06T14:54:51
4219_7.batch|COMPLETED|0:0|2026-10-06T14:54:51
