type_method	planned	completed_case_records	pending_case_records	infrastructure_fault_cases	unresolved_infrastructure_cases	physical_first_attempts	contact_vla_executed	contact_vla_not_executed	contact_vla_execution_unknown	private_known	private_successes	runtime_verified_true	runtime_verified_false	runtime_verified_unmeasured	private_success_wilson_95CI
"drawer_close/current160"	100	100	0	0	0	100	0	0	100	100	89	52	0	48	[0.8136870349691969,0.9374580364293543]
"drawer_close/vla_subtask160"	100	100	0	0	0	100	0	0	100	100	66	0	0	100	[0.5627772885472462,0.7453847920265184]
"drawer_open/current160"	100	100	0	0	0	100	0	0	100	100	82	0	0	100	[0.7333264161369926,0.8829977450105364]
"drawer_open/vla_subtask160"	100	100	0	0	0	0	0	0	100	0	0	0	0	0	null
"microwave_close/current160"	100	100	0	0	0	43	0	0	100	43	42	0	0	43	[0.8794100655939282,0.9958829127256662]
"microwave_close/vla_subtask160"	100	100	0	0	0	43	0	0	100	43	43	0	0	43	[0.9179901967742088,1.0]
"microwave_open/current160"	100	100	0	0	0	0	0	0	100	0	0	0	0	0	null
"microwave_open/vla_subtask160"	100	100	0	0	0	0	0	0	100	0	0	0	0	0	null
"stove_turn_off/current160"	100	100	0	0	0	100	0	0	100	100	46	0	0	100	[0.36560808309024106,0.5573513967663177]
"stove_turn_off/vla_subtask160"	100	100	0	0	0	100	0	0	100	100	52	56	38	6	[0.4231657776522397,0.615354482419481]
"stove_turn_on/current160"	100	100	0	0	0	100	0	0	100	100	99	0	0	100	[0.9455138038212946,0.9982325679358593]
"stove_turn_on/vla_subtask160"	100	100	0	0	0	100	0	0	100	100	100	99	0	1	[0.9630065017930143,1.0]
