type	task	seed	before_chunks	after_chunks	before_private	after_private	before_public	after_public	before_stop_false	after_stop_false	before_recovery_loss	after_recovery_loss
drawer_open	6	10	35	50	True	True	True	True	False	False		
drawer_open	8	30	25	20	True	True	True	True	False	False		
drawer_close	23	10	30	35	True	True	True	True	False	False		
drawer_open	6	20	35	35	True	True	True	True	False	False		
drawer_open	11	10	15	20	True	True	True	True	False	False		
drawer_close	23	20	10	10	False	False	False	False	True	True		
drawer_open	6	30	35	35	True	True	True	True	False	False		
drawer_close	0	10	20	20	True	True	True	True	False	False		
drawer_close	23	30	30	25	True	True	True	True	False	False		
drawer_open	7	10	20	25	True	True	True	True	False	False		
drawer_close	0	20	160	160	True	True			False	False		
drawer_close	28	10	20	20	True	True	True	True	False	False		
drawer_open	7	20	25	25	True	True	True	True	False	False		
drawer_close	0	30	20	30	True	True	True	True	False	False		
drawer_open	7	30	25	25	True	True	True	True	False	False		
drawer_close	22	10	25	70	True	False	True	False	False	False		after_fixture_release
drawer_open	8	10	20	40	True	True	True	False	False	False		
drawer_close	22	20	35	160	False	True	False	True	True	False		
drawer_open	8	20	20	20	True	True	True	True	False	False		
drawer_close	22	30	25	75	False	False	False	False	False	True	after_fixture_release	
