case	phase	view	bin	histogram_points	points	width_m	height_m	width_fraction	fit_residual_p90_m	normal_cosine	outward_fit_depth_m	passes_original_moving_gates	passes_all_v7_moving_gates
drawer565_drawer_open_libero90_t6_s10_r0_native_depth_v5_160	before	agentview	45	392	699	0.0885009765625	0.015625	0.37217659137577				False	False
drawer565_drawer_open_libero90_t6_s10_r0_native_depth_v5_160	before	agentview	46	515	1009	0.088653564453125	0.015625	0.3728182751540041				False	False
drawer565_drawer_open_libero90_t6_s10_r0_native_depth_v5_160	before	agentview	47	560	1166	0.088623046875	0.015625	0.3726899383983573				False	False
drawer565_drawer_open_libero90_t6_s10_r0_native_depth_v5_160	before	agentview	48	669	958	0.088531494140625	0.01513671875	0.37230492813141686				False	False
drawer565_drawer_open_libero90_t6_s10_r0_native_depth_v5_160	before	agentview	40	2846	2883	0.187744140625	0.05517578125	0.7895277207392197	9.395937731231835e-05	0.9999986634598004	-0.21728515625	True	True
drawer565_drawer_open_libero90_t6_s10_r0_native_depth_v5_160	before	wrist	45	855	1783	0.088592529296875	0.015625	0.37256160164271046				False	False
drawer565_drawer_open_libero90_t6_s10_r0_native_depth_v5_160	before	wrist	46	1645	3223	0.088592529296875	0.01611328125	0.37256160164271046				False	False
drawer565_drawer_open_libero90_t6_s10_r0_native_depth_v5_160	before	wrist	47	2075	4342	0.088653564453125	0.01611328125	0.3728182751540041				False	False
drawer565_drawer_open_libero90_t6_s10_r0_native_depth_v5_160	before	wrist	48	3584	4698	0.088653564453125	0.0146484375	0.3728182751540041				False	False
drawer565_drawer_open_libero90_t6_s10_r0_native_depth_v5_160	before	wrist	40	18656	18871	0.17352294921875	0.05517578125	0.7297227926078029	8.473020354929103e-05	0.9999986585443644	-0.216796875	True	True
drawer565_drawer_open_libero90_t6_s10_r0_native_depth_v5_160	before	joined	45	1247	2482	0.08917236328125	0.01611328125	0.375				False	False
drawer565_drawer_open_libero90_t6_s10_r0_native_depth_v5_160	before	joined	46	2160	4232	0.089324951171875	0.0166015625	0.3756416837782341				False	False
drawer565_drawer_open_libero90_t6_s10_r0_native_depth_v5_160	before	joined	47	2635	5508	0.08935546875	0.0166015625	0.3757700205338809				False	False
drawer565_drawer_open_libero90_t6_s10_r0_native_depth_v5_160	before	joined	48	4253	5656	0.089263916015625	0.01513671875	0.37538501026694043				False	False
drawer565_drawer_open_libero90_t6_s10_r0_native_depth_v5_160	before	joined	40	21502	21754	0.187744140625	0.05517578125	0.7895277207392197	0.0003112151652407119	0.9999959249703686	-0.216796875	True	True
drawer565_drawer_open_libero90_t6_s10_r0_native_depth_v5_160	after	agentview	96	265	563	0.09906005859375	0.02490234375	0.4165811088295688				False	False
drawer565_drawer_open_libero90_t6_s10_r0_native_depth_v5_160	after	agentview	94	266	514	0.104705810546875	0.02490234375	0.44032340862423				False	False
drawer565_drawer_open_libero90_t6_s10_r0_native_depth_v5_160	after	agentview	98	271	436	0.088836669921875	0.025390625	0.373588295687885				False	False
drawer565_drawer_open_libero90_t6_s10_r0_native_depth_v5_160	after	agentview	92	292	515	0.1087646484375	0.02490234375	0.4573921971252567				False	False
drawer565_drawer_open_libero90_t6_s10_r0_native_depth_v5_160	after	agentview	40	506	506	0.040496826171875	0.046875	0.17030287474332648				False	False
drawer565_drawer_open_libero90_t6_s10_r0_native_depth_v5_160	after	wrist	86	91	186	0.011871337890625	0.02392578125	0.04992299794661191				False	False
drawer565_drawer_open_libero90_t6_s10_r0_native_depth_v5_160	after	wrist	85	92	181	0.01226806640625	0.02392578125	0.051591375770020535				False	False
drawer565_drawer_open_libero90_t6_s10_r0_native_depth_v5_160	after	wrist	87	93	172	0.01043701171875	0.0234375	0.0438911704312115				False	False
drawer565_drawer_open_libero90_t6_s10_r0_native_depth_v5_160	after	wrist	81	93	198	0.023284912109375	0.0234375	0.09792094455852156				False	False
drawer565_drawer_open_libero90_t6_s10_r0_native_depth_v5_160	after	wrist	80	128	215	0.0295562744140625	0.0234375	0.1242941478439425				False	False
drawer565_drawer_open_libero90_t6_s10_r0_native_depth_v5_160	after	joined	82	277	532	0.100830078125	0.0244140625	0.4240246406570842				False	False
drawer565_drawer_open_libero90_t6_s10_r0_native_depth_v5_160	after	joined	92	292	515	0.1087646484375	0.02490234375	0.4573921971252567				False	False
drawer565_drawer_open_libero90_t6_s10_r0_native_depth_v5_160	after	joined	88	295	531	0.110687255859375	0.0244140625	0.4654774127310062				False	False
drawer565_drawer_open_libero90_t6_s10_r0_native_depth_v5_160	after	joined	80	352	597	0.091400146484375	0.02392578125	0.38436858316221767				False	False
drawer565_drawer_open_libero90_t6_s10_r0_native_depth_v5_160	after	joined	40	506	506	0.040496826171875	0.046875	0.17030287474332648				False	False
drawer565_drawer_open_libero90_t8_s30_r0_native_depth_v5_160	before	agentview	45	393	783	0.088592529296875	0.0126953125	0.37342423462824803				False	False
drawer565_drawer_open_libero90_t8_s30_r0_native_depth_v5_160	before	agentview	42	534	1026	0.088592529296875	0.015625	0.37342423462824803				False	False
drawer565_drawer_open_libero90_t8_s30_r0_native_depth_v5_160	before	agentview	43	626	1293	0.0887451171875	0.015625	0.3740674041677386				False	False
drawer565_drawer_open_libero90_t8_s30_r0_native_depth_v5_160	before	agentview	44	762	1478	0.0887451171875	0.015625	0.3740674041677386				False	False
drawer565_drawer_open_libero90_t8_s30_r0_native_depth_v5_160	before	agentview	37	4773	4865	0.1871337890625	0.0439453125	0.7887831232312837	7.334387958020966e-05	0.9999985995079218	-0.227783203125	True	True
drawer565_drawer_open_libero90_t8_s30_r0_native_depth_v5_160	before	wrist	122	0	0	0.0	0.0	0.0				False	False
drawer565_drawer_open_libero90_t8_s30_r0_native_depth_v5_160	before	wrist	123	0	0	0.0	0.0	0.0				False	False
drawer565_drawer_open_libero90_t8_s30_r0_native_depth_v5_160	before	wrist	124	0	0	0.0	0.0	0.0				False	False
drawer565_drawer_open_libero90_t8_s30_r0_native_depth_v5_160	before	wrist	125	0	0	0.0	0.0	0.0				False	False
drawer565_drawer_open_libero90_t8_s30_r0_native_depth_v5_160	before	wrist	0	0	0	0.0	0.0	0.0				False	False
drawer565_drawer_open_libero90_t8_s30_r0_native_depth_v5_160	before	joined	45	393	783	0.088592529296875	0.0126953125	0.37342423462824803				False	False
drawer565_drawer_open_libero90_t8_s30_r0_native_depth_v5_160	before	joined	42	534	1026	0.088592529296875	0.015625	0.37342423462824803				False	False
drawer565_drawer_open_libero90_t8_s30_r0_native_depth_v5_160	before	joined	43	626	1293	0.0887451171875	0.015625	0.3740674041677386				False	False
drawer565_drawer_open_libero90_t8_s30_r0_native_depth_v5_160	before	joined	44	762	1478	0.0887451171875	0.015625	0.3740674041677386				False	False
drawer565_drawer_open_libero90_t8_s30_r0_native_depth_v5_160	before	joined	37	4773	4865	0.1871337890625	0.0439453125	0.7887831232312837	7.334387958020966e-05	0.9999985995079218	-0.227783203125	True	True
drawer565_drawer_open_libero90_t8_s30_r0_native_depth_v5_160	after	agentview	64	466	903	0.0875244140625	0.0341796875	0.36892204785181376				False	False
drawer565_drawer_open_libero90_t8_s30_r0_native_depth_v5_160	after	agentview	63	499	1010	0.0927734375	0.0361328125	0.3910470800102907				False	False
drawer565_drawer_open_libero90_t8_s30_r0_native_depth_v5_160	after	agentview	62	539	1087	0.09625244140625	0.037109375	0.4057113455106766				False	False
drawer565_drawer_open_libero90_t8_s30_r0_native_depth_v5_160	after	agentview	61	595	1155	0.099578857421875	0.0439453125	0.4197324414715719	0.003558136825039323	0.9999991640036677	-0.130859375	True	False
drawer565_drawer_open_libero90_t8_s30_r0_native_depth_v5_160	after	agentview	77	1528	1628	0.1868896484375	0.0439453125	0.7877540519680988	0.0016463378472853442	0.9999989468392583	-0.0677490234375	True	True
drawer565_drawer_open_libero90_t8_s30_r0_native_depth_v5_160	after	wrist	64	325	657	0.089263916015625	0.0087890625	0.3762541806020067				False	False
drawer565_drawer_open_libero90_t8_s30_r0_native_depth_v5_160	after	wrist	63	414	803	0.093902587890625	0.0107421875	0.39580653460252124				False	False
drawer565_drawer_open_libero90_t8_s30_r0_native_depth_v5_160	after	wrist	62	469	939	0.09771728515625	0.0126953125	0.41188577308978647				False	False
drawer565_drawer_open_libero90_t8_s30_r0_native_depth_v5_160	after	wrist	61	534	1068	0.10101318359375	0.0146484375	0.4257782351427836				False	False
drawer565_drawer_open_libero90_t8_s30_r0_native_depth_v5_160	after	wrist	77	33273	33488	0.10430908203125	0.0439453125	0.43967069719578084	6.911402796547683e-05	0.9999992797809021	-0.0672607421875	True	False
drawer565_drawer_open_libero90_t8_s30_r0_native_depth_v5_160	after	joined	64	791	1560	0.091094970703125	0.0341796875	0.383972215075894				False	False
drawer565_drawer_open_libero90_t8_s30_r0_native_depth_v5_160	after	joined	63	913	1813	0.095855712890625	0.0361328125	0.40403910470800103				False	False
drawer565_drawer_open_libero90_t8_s30_r0_native_depth_v5_160	after	joined	62	1008	2026	0.099273681640625	0.037109375	0.41844610239259067				False	False
drawer565_drawer_open_libero90_t8_s30_r0_native_depth_v5_160	after	joined	61	1129	2223	0.102813720703125	0.0439453125	0.43336763570877285	0.003563430067576176	0.9999991007061917	-0.130859375	True	False
drawer565_drawer_open_libero90_t8_s30_r0_native_depth_v5_160	after	joined	77	34801	35116	0.18701171875	0.0439453125	0.7882685875996913	6.569266541181745e-05	0.9999989824809752	-0.06732177734375	True	True
drawer565_drawer_close_libero90_t23_s10_r0_native_depth_v5_160	before	agentview	44	0	0	0.0	0.0	0.0				False	False
drawer565_drawer_close_libero90_t23_s10_r0_native_depth_v5_160	before	agentview	45	0	0	0.0	0.0	0.0				False	False
drawer565_drawer_close_libero90_t23_s10_r0_native_depth_v5_160	before	agentview	46	0	0	0.0	0.0	0.0				False	False
drawer565_drawer_close_libero90_t23_s10_r0_native_depth_v5_160	before	agentview	77	51	136	0.072265625	0.00830078125	0.30633735401110473				False	False
drawer565_drawer_close_libero90_t23_s10_r0_native_depth_v5_160	before	agentview	76	1421	1472	0.185791015625	0.0498046875	0.7875767783866577	0.001277605979761006	0.999999968048691	-0.0748291015625	True	True
drawer565_drawer_close_libero90_t23_s10_r0_native_depth_v5_160	before	wrist	45	0	0	0.0	0.0	0.0				False	False
drawer565_drawer_close_libero90_t23_s10_r0_native_depth_v5_160	before	wrist	46	0	0	0.0	0.0	0.0				False	False
drawer565_drawer_close_libero90_t23_s10_r0_native_depth_v5_160	before	wrist	77	160	408	0.07415771484375	0.005859375	0.3143580110840306				False	False
drawer565_drawer_close_libero90_t23_s10_r0_native_depth_v5_160	before	wrist	76	483	9582	0.1610107421875	0.0498046875	0.6825320438186607	0.00011732380849130005	0.999995896681464	-0.0753173828125	True	True
drawer565_drawer_close_libero90_t23_s10_r0_native_depth_v5_160	before	wrist	75	8939	9174	0.1610107421875	0.0498046875	0.6825320438186607	6.412217206713432e-05	0.9999980090850067	-0.0753173828125	True	True
drawer565_drawer_close_libero90_t23_s10_r0_native_depth_v5_160	before	joined	45	0	0	0.0	0.0	0.0				False	False
drawer565_drawer_close_libero90_t23_s10_r0_native_depth_v5_160	before	joined	46	0	0	0.0	0.0	0.0				False	False
drawer565_drawer_close_libero90_t23_s10_r0_native_depth_v5_160	before	joined	77	211	544	0.0745849609375	0.00830078125	0.31616912719727197				False	False
drawer565_drawer_close_libero90_t23_s10_r0_native_depth_v5_160	before	joined	76	1904	11054	0.185791015625	0.0498046875	0.7875767783866577	0.00045639698390588133	0.9999948618413245	-0.0753173828125	True	True
drawer565_drawer_close_libero90_t23_s10_r0_native_depth_v5_160	before	joined	75	8939	10510	0.185791015625	0.0498046875	0.7875767783866577	0.00037003375940253627	0.999996604630395	-0.0753173828125	True	True
drawer565_drawer_close_libero90_t23_s10_r0_native_depth_v5_160	after	agentview	94	277	486	0.10125732421875	0.02197265625	0.4292345188381949				False	False
drawer565_drawer_close_libero90_t23_s10_r0_native_depth_v5_160	after	agentview	91	303	528	0.08567047119140625	0.0224609375	0.36316112206405143				False	False
drawer565_drawer_close_libero90_t23_s10_r0_native_depth_v5_160	after	agentview	90	319	670	0.0796661376953125	0.0224609375	0.33770847240117774				False	False
drawer565_drawer_close_libero90_t23_s10_r0_native_depth_v5_160	after	agentview	89	375	717	0.070587158203125	0.0224609375	0.2992222549947995				False	False
drawer565_drawer_close_libero90_t23_s10_r0_native_depth_v5_160	after	agentview	38	2126	2166	0.111541748046875	0.0498046875	0.47283067099264686	0.00017872592426936224	0.999998835514871	-0.2254638671875	True	False
drawer565_drawer_close_libero90_t23_s10_r0_native_depth_v5_160	after	wrist	123	0	0	0.0	0.0	0.0				False	False
drawer565_drawer_close_libero90_t23_s10_r0_native_depth_v5_160	after	wrist	124	0	0	0.0	0.0	0.0				False	False
drawer565_drawer_close_libero90_t23_s10_r0_native_depth_v5_160	after	wrist	125	0	0	0.0	0.0	0.0				False	False
drawer565_drawer_close_libero90_t23_s10_r0_native_depth_v5_160	after	wrist	126	0	0	0.0	0.0	0.0				False	False
drawer565_drawer_close_libero90_t23_s10_r0_native_depth_v5_160	after	wrist	0	0	0	0.0	0.0	0.0				False	False
drawer565_drawer_close_libero90_t23_s10_r0_native_depth_v5_160	after	joined	94	277	486	0.10125732421875	0.02197265625	0.4292345188381949				False	False
drawer565_drawer_close_libero90_t23_s10_r0_native_depth_v5_160	after	joined	91	303	528	0.08567047119140625	0.0224609375	0.36316112206405143				False	False
drawer565_drawer_close_libero90_t23_s10_r0_native_depth_v5_160	after	joined	90	319	670	0.0796661376953125	0.0224609375	0.33770847240117774				False	False
drawer565_drawer_close_libero90_t23_s10_r0_native_depth_v5_160	after	joined	89	375	717	0.070587158203125	0.0224609375	0.2992222549947995				False	False
drawer565_drawer_close_libero90_t23_s10_r0_native_depth_v5_160	after	joined	38	2126	2166	0.111541748046875	0.0498046875	0.47283067099264686	0.00017872592426936224	0.999998835514871	-0.2254638671875	True	False
drawer565_drawer_open_libero90_t6_s20_r0_native_depth_v5_160	before	agentview	47	378	711	0.088531494140625	0.0126953125	0.375				False	False
drawer565_drawer_open_libero90_t6_s20_r0_native_depth_v5_160	before	agentview	44	462	875	0.0887451171875	0.01611328125	0.37590486039296794				False	False
drawer565_drawer_open_libero90_t6_s20_r0_native_depth_v5_160	before	agentview	45	551	1078	0.088714599609375	0.01611328125	0.37577559462254395				False	False
drawer565_drawer_open_libero90_t6_s20_r0_native_depth_v5_160	before	agentview	46	621	1292	0.088592529296875	0.01611328125	0.375258531540848				False	False
drawer565_drawer_open_libero90_t6_s20_r0_native_depth_v5_160	before	agentview	39	2958	3001	0.185791015625	0.0556640625	0.7869700103412617	5.8344134983984096e-05	0.9999987863064044	-0.22216796875	True	True
drawer565_drawer_open_libero90_t6_s20_r0_native_depth_v5_160	before	wrist	44	1117	2062	0.0739593505859375	0.015625	0.31327559462254395				False	False
drawer565_drawer_open_libero90_t6_s20_r0_native_depth_v5_160	before	wrist	45	1820	3566	0.072021484375	0.015625	0.3050672182006205				False	False
drawer565_drawer_open_libero90_t6_s20_r0_native_depth_v5_160	before	wrist	46	2489	6110	0.078460693359375	0.01513671875	0.33234229576008273				False	False
drawer565_drawer_open_libero90_t6_s20_r0_native_depth_v5_160	before	wrist	47	2937	4329	0.078460693359375	0.01318359375	0.33234229576008273				False	False
drawer565_drawer_open_libero90_t6_s20_r0_native_depth_v5_160	before	wrist	39	4067	4067	0.13446044921875	0.0146484375	0.5695449844881075				False	False
drawer565_drawer_open_libero90_t6_s20_r0_native_depth_v5_160	before	joined	44	1579	2937	0.0887451171875	0.01611328125	0.37590486039296794				False	False
drawer565_drawer_open_libero90_t6_s20_r0_native_depth_v5_160	before	joined	45	2371	4644	0.088714599609375	0.01611328125	0.37577559462254395				False	False
drawer565_drawer_open_libero90_t6_s20_r0_native_depth_v5_160	before	joined	46	3110	7402	0.088592529296875	0.01611328125	0.375258531540848				False	False
drawer565_drawer_open_libero90_t6_s20_r0_native_depth_v5_160	before	joined	47	3315	5040	0.088531494140625	0.013671875	0.375				False	False
drawer565_drawer_open_libero90_t6_s20_r0_native_depth_v5_160	before	joined	39	7025	7068	0.18603515625	0.0556640625	0.7880041365046536	0.0004014468244491572	0.9999913333641643	-0.2216796875	True	True
drawer565_drawer_open_libero90_t6_s20_r0_native_depth_v5_160	after	agentview	36	0	0	0.0	0.0	0.0				False	False
drawer565_drawer_open_libero90_t6_s20_r0_native_depth_v5_160	after	agentview	35	0	0	0.0	0.0	0.0				False	False
drawer565_drawer_open_libero90_t6_s20_r0_native_depth_v5_160	after	agentview	63	0	0	0.0	0.0	0.0				False	False
drawer565_drawer_open_libero90_t6_s20_r0_native_depth_v5_160	after	agentview	80	94	172	0.07220458984375	0.0078125	0.30584281282316444				False	False
drawer565_drawer_open_libero90_t6_s20_r0_native_depth_v5_160	after	agentview	79	1304	1376	0.1859130859375	0.0556640625	0.7874870734229577	0.0008412292959272055	0.9999986059218456	-0.062255859375	True	True
drawer565_drawer_open_libero90_t6_s20_r0_native_depth_v5_160	after	wrist	75	6	533	0.14349365234375	0.0	0.6078076525336091				False	False
drawer565_drawer_open_libero90_t6_s20_r0_native_depth_v5_160	after	wrist	80	146	268	0.0726318359375	0.0087890625	0.30765253360910033				False	False
drawer565_drawer_open_libero90_t6_s20_r0_native_depth_v5_160	after	wrist	77	469	1007	0.143524169921875	0.0	0.6079369183040331				False	False
drawer565_drawer_open_libero90_t6_s20_r0_native_depth_v5_160	after	wrist	76	1065	1540	0.143585205078125	0.0	0.608195449844881				False	False
drawer565_drawer_open_libero90_t6_s20_r0_native_depth_v5_160	after	wrist	79	4289	4409	0.18603515625	0.0556640625	0.7880041365046536	0.00010539790588431572	0.9999983863619458	-0.062255859375	True	True
drawer565_drawer_open_libero90_t6_s20_r0_native_depth_v5_160	after	joined	75	6	533	0.14349365234375	0.0	0.6078076525336091				False	False
drawer565_drawer_open_libero90_t6_s20_r0_native_depth_v5_160	after	joined	80	240	440	0.07525634765625	0.00927734375	0.3187693898655636				False	False
drawer565_drawer_open_libero90_t6_s20_r0_native_depth_v5_160	after	joined	77	469	1007	0.143524169921875	0.0	0.6079369183040331				False	False
drawer565_drawer_open_libero90_t6_s20_r0_native_depth_v5_160	after	joined	76	1065	1540	0.143585205078125	0.0	0.608195449844881				False	False
drawer565_drawer_open_libero90_t6_s20_r0_native_depth_v5_160	after	joined	79	5593	5785	0.18603515625	0.0556640625	0.7880041365046536	0.00016056508561566185	0.9999989585273044	-0.062255859375	True	True
drawer565_drawer_open_libero90_t11_s10_r0_native_depth_v5_160	before	agentview	44	372	689	0.0885009765625	0.015625	0.37409700722394224				False	False
drawer565_drawer_open_libero90_t11_s10_r0_native_depth_v5_160	before	agentview	45	549	1064	0.088714599609375	0.015625	0.375				False	False
drawer565_drawer_open_libero90_t11_s10_r0_native_depth_v5_160	before	agentview	46	642	1293	0.08868408203125	0.015625	0.3748710010319917				False	False
drawer565_drawer_open_libero90_t11_s10_r0_native_depth_v5_160	before	agentview	47	844	1185	0.08868408203125	0.015625	0.3748710010319917				False	False
drawer565_drawer_open_libero90_t11_s10_r0_native_depth_v5_160	before	agentview	39	4265	4357	0.1865234375	0.0439453125	0.7884416924664602	0.00010511542079133331	0.999998771124254	-0.22216796875	True	True
drawer565_drawer_open_libero90_t11_s10_r0_native_depth_v5_160	before	wrist	12	0	0	0.0	0.0	0.0				False	False
drawer565_drawer_open_libero90_t11_s10_r0_native_depth_v5_160	before	wrist	13	0	0	0.0	0.0	0.0				False	False
drawer565_drawer_open_libero90_t11_s10_r0_native_depth_v5_160	before	wrist	14	0	0	0.0	0.0	0.0				False	False
drawer565_drawer_open_libero90_t11_s10_r0_native_depth_v5_160	before	wrist	15	0	0	0.0	0.0	0.0				False	False
drawer565_drawer_open_libero90_t11_s10_r0_native_depth_v5_160	before	wrist	0	0	0	0.0	0.0	0.0				False	False
drawer565_drawer_open_libero90_t11_s10_r0_native_depth_v5_160	before	joined	44	372	689	0.0885009765625	0.015625	0.37409700722394224				False	False
drawer565_drawer_open_libero90_t11_s10_r0_native_depth_v5_160	before	joined	45	549	1064	0.088714599609375	0.015625	0.375				False	False
drawer565_drawer_open_libero90_t11_s10_r0_native_depth_v5_160	before	joined	46	642	1293	0.08868408203125	0.015625	0.3748710010319917				False	False
drawer565_drawer_open_libero90_t11_s10_r0_native_depth_v5_160	before	joined	47	844	1185	0.08868408203125	0.015625	0.3748710010319917				False	False
drawer565_drawer_open_libero90_t11_s10_r0_native_depth_v5_160	before	joined	39	4265	4357	0.1865234375	0.0439453125	0.7884416924664602	0.00010511542079133331	0.999998771124254	-0.22216796875	True	True
drawer565_drawer_open_libero90_t11_s10_r0_native_depth_v5_160	after	agentview	84	507	916	0.088409423828125	0.015625	0.37371001031991746				False	False
drawer565_drawer_open_libero90_t11_s10_r0_native_depth_v5_160	after	agentview	87	544	837	0.0885009765625	0.015625	0.37409700722394224				False	False
drawer565_drawer_open_libero90_t11_s10_r0_native_depth_v5_160	after	agentview	85	578	1139	0.088714599609375	0.015625	0.375				False	False
drawer565_drawer_open_libero90_t11_s10_r0_native_depth_v5_160	after	agentview	86	583	1167	0.08868408203125	0.015625	0.3748710010319917				False	False
drawer565_drawer_open_libero90_t11_s10_r0_native_depth_v5_160	after	agentview	79	1214	1306	0.1865234375	0.0439453125	0.7884416924664602	2.5056193099084667e-05	0.9999988263821391	-0.062225341796875	True	True
drawer565_drawer_open_libero90_t11_s10_r0_native_depth_v5_160	after	wrist	85	1664	3258	0.0887451171875	0.0166015625	0.3751289989680083				False	False
drawer565_drawer_open_libero90_t11_s10_r0_native_depth_v5_160	after	wrist	86	2181	4383	0.0887451171875	0.0166015625	0.3751289989680083				False	False
drawer565_drawer_open_libero90_t11_s10_r0_native_depth_v5_160	after	wrist	87	3415	4868	0.088714599609375	0.015625	0.375				False	False
drawer565_drawer_open_libero90_t11_s10_r0_native_depth_v5_160	after	wrist	79	5630	19987	0.1865234375	0.0439453125	0.7884416924664602	1.8806294518859952e-05	0.9999988309159465	-0.061767578125	True	True
drawer565_drawer_open_libero90_t11_s10_r0_native_depth_v5_160	after	wrist	80	14600	20474	0.1865234375	0.0439453125	0.7884416924664602	7.105947077936947e-05	0.9999995361727809	-0.061767578125	True	True
drawer565_drawer_open_libero90_t11_s10_r0_native_depth_v5_160	after	joined	85	2242	4397	0.08935546875	0.0166015625	0.37770897832817335				False	False
drawer565_drawer_open_libero90_t11_s10_r0_native_depth_v5_160	after	joined	86	2764	5550	0.08935546875	0.0166015625	0.37770897832817335				False	False
drawer565_drawer_open_libero90_t11_s10_r0_native_depth_v5_160	after	joined	87	3959	5705	0.089141845703125	0.0166015625	0.3768059855521156				False	False
drawer565_drawer_open_libero90_t11_s10_r0_native_depth_v5_160	after	joined	79	6844	21293	0.1865234375	0.0439453125	0.7884416924664602	2.6951929135406742e-05	0.9999985451898599	-0.061767578125	True	True
drawer565_drawer_open_libero90_t11_s10_r0_native_depth_v5_160	after	joined	80	14785	21966	0.1865234375	0.0439453125	0.7884416924664602	0.00010488932206961585	0.9999995559985491	-0.061767578125	True	True
drawer565_drawer_close_libero90_t23_s20_r0_native_depth_v5_160	before	agentview	58	0	0	0.0	0.0	0.0				False	False
drawer565_drawer_close_libero90_t23_s20_r0_native_depth_v5_160	before	agentview	59	0	0	0.0	0.0	0.0				False	False
drawer565_drawer_close_libero90_t23_s20_r0_native_depth_v5_160	before	agentview	79	22	84	0.0719757080078125	0.0078125	0.31221869208366426				False	False
drawer565_drawer_close_libero90_t23_s20_r0_native_depth_v5_160	before	agentview	78	146	1167	0.180419921875	0.0498046875	0.782631718294943	0.0016649761468372746	0.9999998876510519	-0.059600830078125	True	True
drawer565_drawer_close_libero90_t23_s20_r0_native_depth_v5_160	before	agentview	77	999	1083	0.180419921875	0.0498046875	0.782631718294943	7.524209964681156e-05	0.9999995501143183	-0.05963134765625	True	True
drawer565_drawer_close_libero90_t23_s20_r0_native_depth_v5_160	before	wrist	58	0	0	0.0	0.0	0.0				False	False
drawer565_drawer_close_libero90_t23_s20_r0_native_depth_v5_160	before	wrist	59	0	0	0.0	0.0	0.0				False	False
drawer565_drawer_close_libero90_t23_s20_r0_native_depth_v5_160	before	wrist	79	54	263	0.0736541748046875	0.005859375	0.31949960285941226				False	False
drawer565_drawer_close_libero90_t23_s20_r0_native_depth_v5_160	before	wrist	78	427	6110	0.1641845703125	0.0498046875	0.712205454064072	6.731978079962684e-05	0.9999974908115739	-0.06011962890625	True	True
drawer565_drawer_close_libero90_t23_s20_r0_native_depth_v5_160	before	wrist	77	5629	5847	0.1641845703125	0.0498046875	0.712205454064072	3.85817736440815e-05	0.9999981674559997	-0.06011962890625	True	True
drawer565_drawer_close_libero90_t23_s20_r0_native_depth_v5_160	before	joined	58	0	0	0.0	0.0	0.0				False	False
drawer565_drawer_close_libero90_t23_s20_r0_native_depth_v5_160	before	joined	59	0	0	0.0	0.0	0.0				False	False
drawer565_drawer_close_libero90_t23_s20_r0_native_depth_v5_160	before	joined	79	76	347	0.0745697021484375	0.0078125	0.32347100873709295				False	False
drawer565_drawer_close_libero90_t23_s20_r0_native_depth_v5_160	before	joined	78	573	7277	0.18048095703125	0.0498046875	0.7828964786867885	0.0004943843184939187	0.9999968797612825	-0.060089111328125	True	True
drawer565_drawer_close_libero90_t23_s20_r0_native_depth_v5_160	before	joined	77	6628	6930	0.18048095703125	0.0498046875	0.7828964786867885	0.0004533667651776672	0.9999970619455167	-0.06011962890625	True	True
drawer565_drawer_close_libero90_t23_s20_r0_native_depth_v5_160	after	agentview	91	270	483	0.093505859375	0.0224609375	0.40561292030712204				False	False
drawer565_drawer_close_libero90_t23_s20_r0_native_depth_v5_160	after	agentview	87	284	592	0.06463623046875	0.01806640625	0.28038125496425736				False	False
drawer565_drawer_close_libero90_t23_s20_r0_native_depth_v5_160	after	agentview	45	322	464	0.03828239440917969	0.01513671875	0.1660626820227694				False	False
drawer565_drawer_close_libero90_t23_s20_r0_native_depth_v5_160	after	agentview	88	389	651	0.0740203857421875	0.0224609375	0.3210881652104845				False	False
drawer565_drawer_close_libero90_t23_s20_r0_native_depth_v5_160	after	agentview	38	1040	1081	0.1107330322265625	0.03662109375	0.48034154090548054				False	False
drawer565_drawer_close_libero90_t23_s20_r0_native_depth_v5_160	after	wrist	57	0	0	0.0	0.0	0.0				False	False
drawer565_drawer_close_libero90_t23_s20_r0_native_depth_v5_160	after	wrist	58	0	0	0.0	0.0	0.0				False	False
drawer565_drawer_close_libero90_t23_s20_r0_native_depth_v5_160	after	wrist	59	0	0	0.0	0.0	0.0				False	False
drawer565_drawer_close_libero90_t23_s20_r0_native_depth_v5_160	after	wrist	60	0	0	0.0	0.0	0.0				False	False
drawer565_drawer_close_libero90_t23_s20_r0_native_depth_v5_160	after	wrist	37	200	200	0.00384521484375	0.021484375	0.016679904686258934				False	False
drawer565_drawer_close_libero90_t23_s20_r0_native_depth_v5_160	after	joined	91	270	483	0.093505859375	0.0224609375	0.40561292030712204				False	False
drawer565_drawer_close_libero90_t23_s20_r0_native_depth_v5_160	after	joined	87	284	592	0.06463623046875	0.01806640625	0.28038125496425736				False	False
drawer565_drawer_close_libero90_t23_s20_r0_native_depth_v5_160	after	joined	45	322	464	0.03828239440917969	0.01513671875	0.1660626820227694				False	False
drawer565_drawer_close_libero90_t23_s20_r0_native_depth_v5_160	after	joined	88	389	651	0.0740203857421875	0.0224609375	0.3210881652104845				False	False
drawer565_drawer_close_libero90_t23_s20_r0_native_depth_v5_160	after	joined	38	1040	1281	0.18048095703125	0.03662109375	0.7828964786867885				False	False
drawer565_drawer_open_libero90_t6_s30_r0_native_depth_v5_160	before	agentview	45	297	633	0.08837890625	0.0126953125	0.37252379727296114				False	False
drawer565_drawer_open_libero90_t6_s30_r0_native_depth_v5_160	before	agentview	42	493	955	0.088623046875	0.01513671875	0.3735528685361461				False	False
drawer565_drawer_open_libero90_t6_s30_r0_native_depth_v5_160	before	agentview	43	558	1149	0.088714599609375	0.01513671875	0.3739387702598405				False	False
drawer565_drawer_open_libero90_t6_s30_r0_native_depth_v5_160	before	agentview	44	658	1244	0.08868408203125	0.01513671875	0.3738101363519424				False	False
drawer565_drawer_open_libero90_t6_s30_r0_native_depth_v5_160	before	agentview	37	3088	3128	0.18707275390625	0.0556640625	0.7885258554154875	0.0001029419707708419	0.9999986986277474	-0.227783203125	True	True
drawer565_drawer_open_libero90_t6_s30_r0_native_depth_v5_160	before	wrist	42	1225	2296	0.08868408203125	0.01513671875	0.3738101363519424				False	False
drawer565_drawer_open_libero90_t6_s30_r0_native_depth_v5_160	before	wrist	43	1765	3628	0.08868408203125	0.01513671875	0.3738101363519424				False	False
drawer565_drawer_open_libero90_t6_s30_r0_native_depth_v5_160	before	wrist	45	2206	3499	0.08868408203125	0.0126953125	0.3738101363519424				False	False
drawer565_drawer_open_libero90_t6_s30_r0_native_depth_v5_160	before	wrist	44	2433	5583	0.08868408203125	0.01513671875	0.3738101363519424				False	False
drawer565_drawer_open_libero90_t6_s30_r0_native_depth_v5_160	before	wrist	37	22399	22601	0.18084716796875	0.052734375	0.7622845382042707	7.719684661309675e-05	0.9999990353656084	-0.227294921875	True	True
drawer565_drawer_open_libero90_t6_s30_r0_native_depth_v5_160	before	joined	42	1718	3251	0.089385986328125	0.015625	0.3767687162335992				False	False
drawer565_drawer_open_libero90_t6_s30_r0_native_depth_v5_160	before	joined	43	2323	4777	0.0894775390625	0.015625	0.37715461795729355				False	False
drawer565_drawer_open_libero90_t6_s30_r0_native_depth_v5_160	before	joined	45	2503	4132	0.08917236328125	0.0126953125	0.3758682788783123				False	False
drawer565_drawer_open_libero90_t6_s30_r0_native_depth_v5_160	before	joined	44	3091	6827	0.0894775390625	0.015625	0.37715461795729355				False	False
drawer565_drawer_open_libero90_t6_s30_r0_native_depth_v5_160	before	joined	37	25487	25729	0.18719482421875	0.0556640625	0.78904039104708	0.0004038998136667978	0.9999971250019479	-0.227294921875	True	True
drawer565_drawer_open_libero90_t6_s30_r0_native_depth_v5_160	after	agentview	44	0	0	0.0	0.0	0.0				False	False
drawer565_drawer_open_libero90_t6_s30_r0_native_depth_v5_160	after	agentview	45	0	0	0.0	0.0	0.0				False	False
drawer565_drawer_open_libero90_t6_s30_r0_native_depth_v5_160	after	agentview	46	0	0	0.0	0.0	0.0				False	False
drawer565_drawer_open_libero90_t6_s30_r0_native_depth_v5_160	after	agentview	78	71	140	0.07257080078125	0.00732421875	0.305891432981734				False	False
drawer565_drawer_open_libero90_t6_s30_r0_native_depth_v5_160	after	agentview	77	1477	1548	0.1868896484375	0.0556640625	0.7877540519680988	0.0009702644313213685	0.9999983787203404	-0.06793212890625	True	True
drawer565_drawer_open_libero90_t6_s30_r0_native_depth_v5_160	after	wrist	122	0	0	0.0	0.0	0.0				False	False
drawer565_drawer_open_libero90_t6_s30_r0_native_depth_v5_160	after	wrist	123	0	0	0.0	0.0	0.0				False	False
drawer565_drawer_open_libero90_t6_s30_r0_native_depth_v5_160	after	wrist	124	0	0	0.0	0.0	0.0				False	False
drawer565_drawer_open_libero90_t6_s30_r0_native_depth_v5_160	after	wrist	125	0	0	0.0	0.0	0.0				False	False
drawer565_drawer_open_libero90_t6_s30_r0_native_depth_v5_160	after	wrist	0	0	0	0.0	0.0	0.0				False	False
drawer565_drawer_open_libero90_t6_s30_r0_native_depth_v5_160	after	joined	44	0	0	0.0	0.0	0.0				False	False
drawer565_drawer_open_libero90_t6_s30_r0_native_depth_v5_160	after	joined	45	0	0	0.0	0.0	0.0				False	False
drawer565_drawer_open_libero90_t6_s30_r0_native_depth_v5_160	after	joined	46	0	0	0.0	0.0	0.0				False	False
drawer565_drawer_open_libero90_t6_s30_r0_native_depth_v5_160	after	joined	78	71	140	0.07257080078125	0.00732421875	0.305891432981734				False	False
drawer565_drawer_open_libero90_t6_s30_r0_native_depth_v5_160	after	joined	77	1477	1548	0.1868896484375	0.0556640625	0.7877540519680988	0.0009702644313213685	0.9999983787203404	-0.06793212890625	True	True
drawer565_drawer_close_libero90_t0_s10_r0_native_depth_v5_160	before	agentview	85	371	678	0.088714599609375	0.015625	0.3891566265060241				False	False
drawer565_drawer_close_libero90_t0_s10_r0_native_depth_v5_160	before	agentview	82	531	948	0.088470458984375	0.015625	0.3880856760374833				False	False
drawer565_drawer_close_libero90_t0_s10_r0_native_depth_v5_160	before	agentview	83	593	1175	0.088409423828125	0.015625	0.38781793842034806				False	False
drawer565_drawer_close_libero90_t0_s10_r0_native_depth_v5_160	before	agentview	84	608	1210	0.088714599609375	0.015625	0.3891566265060241				False	False
drawer565_drawer_close_libero90_t0_s10_r0_native_depth_v5_160	before	agentview	77	1089	1178	0.17779541015625	0.0400390625	0.7799196787148595	4.6459479342004346e-05	0.9999986790771045	-0.060791015625	True	True
drawer565_drawer_close_libero90_t0_s10_r0_native_depth_v5_160	before	wrist	58	0	0	0.0	0.0	0.0				False	False
drawer565_drawer_close_libero90_t0_s10_r0_native_depth_v5_160	before	wrist	59	0	0	0.0	0.0	0.0				False	False
drawer565_drawer_close_libero90_t0_s10_r0_native_depth_v5_160	before	wrist	60	0	0	0.0	0.0	0.0				False	False
drawer565_drawer_close_libero90_t0_s10_r0_native_depth_v5_160	before	wrist	78	2442	5719	0.0347900390625	0.0400390625	0.15261044176706828				False	False
drawer565_drawer_close_libero90_t0_s10_r0_native_depth_v5_160	before	wrist	77	3277	5719	0.0347900390625	0.0400390625	0.15261044176706828				False	False
drawer565_drawer_close_libero90_t0_s10_r0_native_depth_v5_160	before	joined	82	531	948	0.088470458984375	0.015625	0.3880856760374833				False	False
drawer565_drawer_close_libero90_t0_s10_r0_native_depth_v5_160	before	joined	83	593	1175	0.088409423828125	0.015625	0.38781793842034806				False	False
drawer565_drawer_close_libero90_t0_s10_r0_native_depth_v5_160	before	joined	84	608	1210	0.088714599609375	0.015625	0.3891566265060241				False	False
drawer565_drawer_close_libero90_t0_s10_r0_native_depth_v5_160	before	joined	78	2622	7082	0.17791748046875	0.0400390625	0.7804551539491299	0.000614032635710468	0.9999995649439252	-0.060333251953125	True	True
drawer565_drawer_close_libero90_t0_s10_r0_native_depth_v5_160	before	joined	77	4366	6897	0.17791748046875	0.0400390625	0.7804551539491299	0.00014896991277832739	0.9999937579914698	-0.060333251953125	True	True
drawer565_drawer_close_libero90_t0_s10_r0_native_depth_v5_160	after	agentview	46	301	713	0.08868408203125	0.01171875	0.3890227576974565				False	False
drawer565_drawer_close_libero90_t0_s10_r0_native_depth_v5_160	after	agentview	43	522	1037	0.088470458984375	0.015625	0.3880856760374833				False	False
drawer565_drawer_close_libero90_t0_s10_r0_native_depth_v5_160	after	agentview	44	638	1258	0.088653564453125	0.015625	0.3888888888888889				False	False
drawer565_drawer_close_libero90_t0_s10_r0_native_depth_v5_160	after	agentview	45	755	1378	0.088714599609375	0.015625	0.3891566265060241				False	False
drawer565_drawer_close_libero90_t0_s10_r0_native_depth_v5_160	after	agentview	38	3968	4059	0.1778564453125	0.0400390625	0.7801874163319946	0.00012074390210482185	0.9999986524456832	-0.2196044921875	True	True
drawer565_drawer_close_libero90_t0_s10_r0_native_depth_v5_160	after	wrist	162	0	0	0.0	0.0	0.0				False	False
drawer565_drawer_close_libero90_t0_s10_r0_native_depth_v5_160	after	wrist	163	0	0	0.0	0.0	0.0				False	False
drawer565_drawer_close_libero90_t0_s10_r0_native_depth_v5_160	after	wrist	164	0	0	0.0	0.0	0.0				False	False
drawer565_drawer_close_libero90_t0_s10_r0_native_depth_v5_160	after	wrist	165	0	0	0.0	0.0	0.0				False	False
drawer565_drawer_close_libero90_t0_s10_r0_native_depth_v5_160	after	wrist	0	0	0	0.0	0.0	0.0				False	False
drawer565_drawer_close_libero90_t0_s10_r0_native_depth_v5_160	after	joined	46	301	713	0.08868408203125	0.01171875	0.3890227576974565				False	False
drawer565_drawer_close_libero90_t0_s10_r0_native_depth_v5_160	after	joined	43	522	1037	0.088470458984375	0.015625	0.3880856760374833				False	False
drawer565_drawer_close_libero90_t0_s10_r0_native_depth_v5_160	after	joined	44	638	1258	0.088653564453125	0.015625	0.3888888888888889				False	False
drawer565_drawer_close_libero90_t0_s10_r0_native_depth_v5_160	after	joined	45	755	1378	0.088714599609375	0.015625	0.3891566265060241				False	False
drawer565_drawer_close_libero90_t0_s10_r0_native_depth_v5_160	after	joined	38	3968	4059	0.1778564453125	0.0400390625	0.7801874163319946	0.00012074390210482185	0.9999986524456832	-0.2196044921875	True	True
drawer565_drawer_close_libero90_t23_s30_r0_native_depth_v5_160	before	agentview	45	0	0	0.0	0.0	0.0				False	False
drawer565_drawer_close_libero90_t23_s30_r0_native_depth_v5_160	before	agentview	46	0	0	0.0	0.0	0.0				False	False
drawer565_drawer_close_libero90_t23_s30_r0_native_depth_v5_160	before	agentview	47	0	0	0.0	0.0	0.0				False	False
drawer565_drawer_close_libero90_t23_s30_r0_native_depth_v5_160	before	agentview	78	110	177	0.07159423828125	0.00732421875	0.29992329327537715				False	False
drawer565_drawer_close_libero90_t23_s30_r0_native_depth_v5_160	before	agentview	77	1249	1331	0.18865966796875	0.0498046875	0.7903349526975199	0.0008493310760167887	0.9999999366188617	-0.0673828125	True	True
drawer565_drawer_close_libero90_t23_s30_r0_native_depth_v5_160	before	wrist	45	0	0	0.0	0.0	0.0				False	False
drawer565_drawer_close_libero90_t23_s30_r0_native_depth_v5_160	before	wrist	46	0	0	0.0	0.0	0.0				False	False
drawer565_drawer_close_libero90_t23_s30_r0_native_depth_v5_160	before	wrist	47	0	0	0.0	0.0	0.0				False	False
drawer565_drawer_close_libero90_t23_s30_r0_native_depth_v5_160	before	wrist	78	316	535	0.074432373046875	0.00634765625	0.31181283559192025				False	False
drawer565_drawer_close_libero90_t23_s30_r0_native_depth_v5_160	before	wrist	77	5985	6211	0.164306640625	0.0498046875	0.6883150089491179	0.00010013901847238215	0.9999960520132805	-0.06793212890625	True	True
drawer565_drawer_close_libero90_t23_s30_r0_native_depth_v5_160	before	joined	45	0	0	0.0	0.0	0.0				False	False
drawer565_drawer_close_libero90_t23_s30_r0_native_depth_v5_160	before	joined	46	0	0	0.0	0.0	0.0				False	False
drawer565_drawer_close_libero90_t23_s30_r0_native_depth_v5_160	before	joined	47	0	0	0.0	0.0	0.0				False	False
drawer565_drawer_close_libero90_t23_s30_r0_native_depth_v5_160	before	joined	78	426	712	0.07452392578125	0.00732421875	0.3121963692150345				False	False
drawer565_drawer_close_libero90_t23_s30_r0_native_depth_v5_160	before	joined	77	7234	7542	0.18865966796875	0.0498046875	0.7903349526975199	0.0005130874842878133	0.9999951083038179	-0.06787109375	True	True
drawer565_drawer_close_libero90_t23_s30_r0_native_depth_v5_160	after	agentview	34	0	0	0.0	0.0	0.0				False	False
drawer565_drawer_close_libero90_t23_s30_r0_native_depth_v5_160	after	agentview	33	0	0	0.0	0.0	0.0				False	False
drawer565_drawer_close_libero90_t23_s30_r0_native_depth_v5_160	after	agentview	42	14	57	0.008819580078125	0.00732421875	0.03694707236001023				False	False
drawer565_drawer_close_libero90_t23_s30_r0_native_depth_v5_160	after	agentview	41	79	135	0.008819580078125	0.00732421875	0.03694707236001023				False	False
drawer565_drawer_close_libero90_t23_s30_r0_native_depth_v5_160	after	agentview	40	2050	2086	0.112579345703125	0.0498046875	0.4716185118895423	0.0002838738172308958	0.9999941420184673	-0.2161865234375	True	False
drawer565_drawer_close_libero90_t23_s30_r0_native_depth_v5_160	after	wrist	34	0	0	0.0	0.0	0.0				False	False
drawer565_drawer_close_libero90_t23_s30_r0_native_depth_v5_160	after	wrist	33	0	0	0.0	0.0	0.0				False	False
drawer565_drawer_close_libero90_t23_s30_r0_native_depth_v5_160	after	wrist	42	22	104	0.066070556640625	0.00830078125	0.27678343134748146				False	False
drawer565_drawer_close_libero90_t23_s30_r0_native_depth_v5_160	after	wrist	41	159	255	0.066375732421875	0.0087890625	0.2780618767578624				False	False
drawer565_drawer_close_libero90_t23_s30_r0_native_depth_v5_160	after	wrist	40	10381	10458	0.119781494140625	0.0498046875	0.5017898235745334	0.0001325869771543086	0.9999950134343091	-0.216552734375	True	True
drawer565_drawer_close_libero90_t23_s30_r0_native_depth_v5_160	after	joined	34	0	0	0.0	0.0	0.0				False	False
drawer565_drawer_close_libero90_t23_s30_r0_native_depth_v5_160	after	joined	33	0	0	0.0	0.0	0.0				False	False
drawer565_drawer_close_libero90_t23_s30_r0_native_depth_v5_160	after	joined	42	36	161	0.0753173828125	0.00927734375	0.31552032728202506				False	False
drawer565_drawer_close_libero90_t23_s30_r0_native_depth_v5_160	after	joined	41	238	390	0.0753173828125	0.009765625	0.31552032728202506				False	False
drawer565_drawer_close_libero90_t23_s30_r0_native_depth_v5_160	after	joined	40	12431	12544	0.18865966796875	0.0498046875	0.7903349526975199	0.00012345900989123488	0.9999931325699424	-0.216552734375	True	True
drawer565_drawer_open_libero90_t7_s10_r0_native_depth_v5_160	before	agentview	45	393	728	0.088531494140625	0.015625	0.37211390456644433				False	False
drawer565_drawer_open_libero90_t7_s10_r0_native_depth_v5_160	before	agentview	46	564	1107	0.088348388671875	0.015625	0.3713442791174962				False	False
drawer565_drawer_open_libero90_t7_s10_r0_native_depth_v5_160	before	agentview	47	633	1318	0.088531494140625	0.015625	0.37211390456644433				False	False
drawer565_drawer_open_libero90_t7_s10_r0_native_depth_v5_160	before	agentview	48	813	1139	0.0885009765625	0.0146484375	0.3719856336582863				False	False
drawer565_drawer_open_libero90_t7_s10_r0_native_depth_v5_160	before	agentview	40	4258	4350	0.1878662109375	0.0439453125	0.7896357106208312	8.030382479110905e-05	0.9999986753184791	-0.21728515625	True	True
drawer565_drawer_open_libero90_t7_s10_r0_native_depth_v5_160	before	wrist	13	0	0	0.0	0.0	0.0				False	False
drawer565_drawer_open_libero90_t7_s10_r0_native_depth_v5_160	before	wrist	14	0	0	0.0	0.0	0.0				False	False
drawer565_drawer_open_libero90_t7_s10_r0_native_depth_v5_160	before	wrist	15	0	0	0.0	0.0	0.0				False	False
drawer565_drawer_open_libero90_t7_s10_r0_native_depth_v5_160	before	wrist	129	0	0	0.0	0.0	0.0				False	False
drawer565_drawer_open_libero90_t7_s10_r0_native_depth_v5_160	before	wrist	0	0	0	0.0	0.0	0.0				False	False
drawer565_drawer_open_libero90_t7_s10_r0_native_depth_v5_160	before	joined	45	393	728	0.088531494140625	0.015625	0.37211390456644433				False	False
drawer565_drawer_open_libero90_t7_s10_r0_native_depth_v5_160	before	joined	46	564	1107	0.088348388671875	0.015625	0.3713442791174962				False	False
drawer565_drawer_open_libero90_t7_s10_r0_native_depth_v5_160	before	joined	47	633	1318	0.088531494140625	0.015625	0.37211390456644433				False	False
drawer565_drawer_open_libero90_t7_s10_r0_native_depth_v5_160	before	joined	48	813	1139	0.0885009765625	0.0146484375	0.3719856336582863				False	False
drawer565_drawer_open_libero90_t7_s10_r0_native_depth_v5_160	before	joined	40	4258	4350	0.1878662109375	0.0439453125	0.7896357106208312	8.030382479110905e-05	0.9999986753184791	-0.21728515625	True	True
drawer565_drawer_open_libero90_t7_s10_r0_native_depth_v5_160	after	agentview	70	387	734	0.08856201171875	0.013671875	0.37224217547460237				False	False
drawer565_drawer_open_libero90_t7_s10_r0_native_depth_v5_160	after	agentview	71	549	1086	0.088531494140625	0.015625	0.37211390456644433				False	False
drawer565_drawer_open_libero90_t7_s10_r0_native_depth_v5_160	after	agentview	72	608	1205	0.08868408203125	0.015625	0.3727552591072345				False	False
drawer565_drawer_open_libero90_t7_s10_r0_native_depth_v5_160	after	agentview	73	630	1119	0.088653564453125	0.015625	0.37262698819907647				False	False
drawer565_drawer_open_libero90_t7_s10_r0_native_depth_v5_160	after	agentview	66	2413	2505	0.187744140625	0.0439453125	0.7891226269881991	5.6972020551149855e-05	0.9999986565152179	-0.11590576171875	True	True
drawer565_drawer_open_libero90_t7_s10_r0_native_depth_v5_160	after	wrist	71	591	1304	0.0290374755859375	0.0166015625	0.12204976911236531				False	False
drawer565_drawer_open_libero90_t7_s10_r0_native_depth_v5_160	after	wrist	72	1300	2688	0.03778839111328125	0.0166015625	0.15883145202668034				False	False
drawer565_drawer_open_libero90_t7_s10_r0_native_depth_v5_160	after	wrist	73	2887	6638	0.03778839111328125	0.015625	0.15883145202668034				False	False
drawer565_drawer_open_libero90_t7_s10_r0_native_depth_v5_160	after	wrist	74	3017	4906	0.03697967529296875	0.0126953125	0.15543227296049256				False	False
drawer565_drawer_open_libero90_t7_s10_r0_native_depth_v5_160	after	wrist	66	31423	31568	0.11557769775390625	0.0439453125	0.4857939969214982	4.857520328117034e-05	0.9999997027173586	-0.11541748046875	True	False
drawer565_drawer_open_libero90_t7_s10_r0_native_depth_v5_160	after	joined	71	1140	2390	0.088531494140625	0.017578125	0.37211390456644433				False	False
drawer565_drawer_open_libero90_t7_s10_r0_native_depth_v5_160	after	joined	72	1908	3893	0.08868408203125	0.017578125	0.3727552591072345				False	False
drawer565_drawer_open_libero90_t7_s10_r0_native_depth_v5_160	after	joined	74	3197	5410	0.08831787109375	0.013671875	0.37121600820933814				False	False
drawer565_drawer_open_libero90_t7_s10_r0_native_depth_v5_160	after	joined	73	3517	7757	0.088653564453125	0.0166015625	0.37262698819907647				False	False
drawer565_drawer_open_libero90_t7_s10_r0_native_depth_v5_160	after	joined	66	33836	34073	0.1878662109375	0.0439453125	0.7896357106208312	3.989373025029817e-05	0.9999981135104378	-0.11541748046875	True	True
drawer565_drawer_close_libero90_t0_s20_r0_native_depth_v5_160	before	agentview	78	323	665	0.08837890625	0.013671875	0.3887248322147651				False	False
drawer565_drawer_close_libero90_t0_s20_r0_native_depth_v5_160	before	agentview	79	540	1062	0.088653564453125	0.0166015625	0.38993288590604025				False	False
drawer565_drawer_close_libero90_t0_s20_r0_native_depth_v5_160	before	agentview	80	593	1166	0.088714599609375	0.0166015625	0.3902013422818792				False	False
drawer565_drawer_close_libero90_t0_s20_r0_native_depth_v5_160	before	agentview	81	601	1082	0.088714599609375	0.0166015625	0.3902013422818792				False	False
drawer565_drawer_close_libero90_t0_s20_r0_native_depth_v5_160	before	agentview	74	1459	1553	0.17718505859375	0.041015625	0.7793288590604027	0.0008444786618474812	0.9999985185907129	-0.07867431640625	True	True
drawer565_drawer_close_libero90_t0_s20_r0_native_depth_v5_160	before	wrist	82	302	771	0.00592041015625	0.013671875	0.026040268456375838				False	False
drawer565_drawer_close_libero90_t0_s20_r0_native_depth_v5_160	before	wrist	79	788	1473	0.0050048828125	0.015625	0.022013422818791945				False	False
drawer565_drawer_close_libero90_t0_s20_r0_native_depth_v5_160	before	wrist	80	903	1774	0.003570556640625	0.015625	0.01570469798657718				False	False
drawer565_drawer_close_libero90_t0_s20_r0_native_depth_v5_160	before	wrist	81	928	1689	0.00592041015625	0.015625	0.026040268456375838				False	False
drawer565_drawer_close_libero90_t0_s20_r0_native_depth_v5_160	before	wrist	74	18549	18597	0.06396484375	0.041015625	0.28134228187919463	5.806857008094481e-05	0.9999997955001362	-0.07818603515625	True	False
drawer565_drawer_close_libero90_t0_s20_r0_native_depth_v5_160	before	joined	78	602	1374	0.08837890625	0.0146484375	0.3887248322147651				False	False
drawer565_drawer_close_libero90_t0_s20_r0_native_depth_v5_160	before	joined	79	1328	2535	0.088653564453125	0.0166015625	0.38993288590604025				False	False
drawer565_drawer_close_libero90_t0_s20_r0_native_depth_v5_160	before	joined	80	1496	2940	0.088714599609375	0.0166015625	0.3902013422818792				False	False
drawer565_drawer_close_libero90_t0_s20_r0_native_depth_v5_160	before	joined	81	1529	2771	0.088714599609375	0.0166015625	0.3902013422818792				False	False
drawer565_drawer_close_libero90_t0_s20_r0_native_depth_v5_160	before	joined	74	20008	20150	0.17718505859375	0.041015625	0.7793288590604027	6.368004801890141e-05	0.9999978732799163	-0.0782470703125	True	True
drawer565_drawer_close_libero90_t0_s20_r0_native_depth_v5_160	after	agentview	44	329	711	0.088653564453125	0.01171875	0.38993288590604025				False	False
drawer565_drawer_close_libero90_t0_s20_r0_native_depth_v5_160	after	agentview	41	517	988	0.08868408203125	0.0166015625	0.3900671140939597				False	False
drawer565_drawer_close_libero90_t0_s20_r0_native_depth_v5_160	after	agentview	42	621	1243	0.088592529296875	0.0166015625	0.38966442953020136				False	False
drawer565_drawer_close_libero90_t0_s20_r0_native_depth_v5_160	after	agentview	43	720	1380	0.088653564453125	0.0166015625	0.38993288590604025				False	False
drawer565_drawer_close_libero90_t0_s20_r0_native_depth_v5_160	after	agentview	36	4134	4223	0.17730712890625	0.041015625	0.7798657718120805	7.64862121008135e-05	0.9999984052630527	-0.2318115234375	True	True
drawer565_drawer_close_libero90_t0_s20_r0_native_depth_v5_160	after	wrist	14	0	0	0.0	0.0	0.0				False	False
drawer565_drawer_close_libero90_t0_s20_r0_native_depth_v5_160	after	wrist	15	0	0	0.0	0.0	0.0				False	False
drawer565_drawer_close_libero90_t0_s20_r0_native_depth_v5_160	after	wrist	161	0	0	0.0	0.0	0.0				False	False
drawer565_drawer_close_libero90_t0_s20_r0_native_depth_v5_160	after	wrist	162	0	0	0.0	0.0	0.0				False	False
drawer565_drawer_close_libero90_t0_s20_r0_native_depth_v5_160	after	wrist	0	0	0	0.0	0.0	0.0				False	False
drawer565_drawer_close_libero90_t0_s20_r0_native_depth_v5_160	after	joined	44	329	711	0.088653564453125	0.01171875	0.38993288590604025				False	False
drawer565_drawer_close_libero90_t0_s20_r0_native_depth_v5_160	after	joined	41	517	988	0.08868408203125	0.0166015625	0.3900671140939597				False	False
drawer565_drawer_close_libero90_t0_s20_r0_native_depth_v5_160	after	joined	42	621	1243	0.088592529296875	0.0166015625	0.38966442953020136				False	False
drawer565_drawer_close_libero90_t0_s20_r0_native_depth_v5_160	after	joined	43	720	1380	0.088653564453125	0.0166015625	0.38993288590604025				False	False
drawer565_drawer_close_libero90_t0_s20_r0_native_depth_v5_160	after	joined	36	4134	4223	0.17730712890625	0.041015625	0.7798657718120805	7.64862121008135e-05	0.9999984052630527	-0.2318115234375	True	True
drawer565_drawer_close_libero90_t28_s10_r0_native_depth_v5_160	before	agentview	57	0	0	0.0	0.0	0.0				False	False
drawer565_drawer_close_libero90_t28_s10_r0_native_depth_v5_160	before	agentview	58	0	0	0.0	0.0	0.0				False	False
drawer565_drawer_close_libero90_t28_s10_r0_native_depth_v5_160	before	agentview	59	0	0	0.0	0.0	0.0				False	False
drawer565_drawer_close_libero90_t28_s10_r0_native_depth_v5_160	before	agentview	75	92	182	0.0709991455078125	0.009765625	0.3127016129032258				False	False
drawer565_drawer_close_libero90_t28_s10_r0_native_depth_v5_160	before	agentview	74	1457	1549	0.17694091796875	0.041015625	0.7793010752688172	0.0016522917469771628	0.9999995419801535	-0.0758056640625	True	True
drawer565_drawer_close_libero90_t28_s10_r0_native_depth_v5_160	before	wrist	57	0	0	0.0	0.0	0.0				False	False
drawer565_drawer_close_libero90_t28_s10_r0_native_depth_v5_160	before	wrist	58	0	0	0.0	0.0	0.0				False	False
drawer565_drawer_close_libero90_t28_s10_r0_native_depth_v5_160	before	wrist	59	0	0	0.0	0.0	0.0				False	False
drawer565_drawer_close_libero90_t28_s10_r0_native_depth_v5_160	before	wrist	75	352	710	0.00958251953125	0.0068359375	0.04220430107526882				False	False
drawer565_drawer_close_libero90_t28_s10_r0_native_depth_v5_160	before	wrist	74	13218	13570	0.072845458984375	0.041015625	0.32083333333333336	0.0003169971465443809	0.999938567456479	-0.07635498046875	True	False
drawer565_drawer_close_libero90_t28_s10_r0_native_depth_v5_160	before	joined	57	0	0	0.0	0.0	0.0				False	False
drawer565_drawer_close_libero90_t28_s10_r0_native_depth_v5_160	before	joined	58	0	0	0.0	0.0	0.0				False	False
drawer565_drawer_close_libero90_t28_s10_r0_native_depth_v5_160	before	joined	59	0	0	0.0	0.0	0.0				False	False
drawer565_drawer_close_libero90_t28_s10_r0_native_depth_v5_160	before	joined	75	444	892	0.0747833251953125	0.009765625	0.32936827956989245				False	False
drawer565_drawer_close_libero90_t28_s10_r0_native_depth_v5_160	before	joined	74	14675	15119	0.17694091796875	0.041015625	0.7793010752688172	0.00033948955033706406	0.9999732369795195	-0.07635498046875	True	True
drawer565_drawer_close_libero90_t28_s10_r0_native_depth_v5_160	after	agentview	57	0	0	0.0	0.0	0.0				False	False
drawer565_drawer_close_libero90_t28_s10_r0_native_depth_v5_160	after	agentview	58	0	0	0.0	0.0	0.0				False	False
drawer565_drawer_close_libero90_t28_s10_r0_native_depth_v5_160	after	agentview	59	0	0	0.0	0.0	0.0				False	False
drawer565_drawer_close_libero90_t28_s10_r0_native_depth_v5_160	after	agentview	75	92	182	0.0709991455078125	0.009765625	0.3127016129032258				False	False
drawer565_drawer_close_libero90_t28_s10_r0_native_depth_v5_160	after	agentview	74	1457	1549	0.17694091796875	0.041015625	0.7793010752688172	0.0016522917469771628	0.9999995419801535	-0.0758056640625	True	True
drawer565_drawer_close_libero90_t28_s10_r0_native_depth_v5_160	after	wrist	57	0	0	0.0	0.0	0.0				False	False
drawer565_drawer_close_libero90_t28_s10_r0_native_depth_v5_160	after	wrist	58	0	0	0.0	0.0	0.0				False	False
drawer565_drawer_close_libero90_t28_s10_r0_native_depth_v5_160	after	wrist	59	0	0	0.0	0.0	0.0				False	False
drawer565_drawer_close_libero90_t28_s10_r0_native_depth_v5_160	after	wrist	75	352	710	0.00958251953125	0.0068359375	0.04220430107526882				False	False
drawer565_drawer_close_libero90_t28_s10_r0_native_depth_v5_160	after	wrist	74	13218	13570	0.072845458984375	0.041015625	0.32083333333333336	0.0003169971465443809	0.999938567456479	-0.07635498046875	True	False
drawer565_drawer_close_libero90_t28_s10_r0_native_depth_v5_160	after	joined	57	0	0	0.0	0.0	0.0				False	False
drawer565_drawer_close_libero90_t28_s10_r0_native_depth_v5_160	after	joined	58	0	0	0.0	0.0	0.0				False	False
drawer565_drawer_close_libero90_t28_s10_r0_native_depth_v5_160	after	joined	59	0	0	0.0	0.0	0.0				False	False
drawer565_drawer_close_libero90_t28_s10_r0_native_depth_v5_160	after	joined	75	444	892	0.0747833251953125	0.009765625	0.32936827956989245				False	False
drawer565_drawer_close_libero90_t28_s10_r0_native_depth_v5_160	after	joined	74	14675	15119	0.17694091796875	0.041015625	0.7793010752688172	0.00033948955033706406	0.9999732369795195	-0.07635498046875	True	True
drawer565_drawer_open_libero90_t7_s20_r0_native_depth_v5_160	before	agentview	47	482	862	0.08868408203125	0.013671875	0.37564632885211996				False	False
drawer565_drawer_open_libero90_t7_s20_r0_native_depth_v5_160	before	agentview	44	490	929	0.088470458984375	0.0166015625	0.374741468459152				False	False
drawer565_drawer_open_libero90_t7_s20_r0_native_depth_v5_160	before	agentview	45	612	1196	0.088470458984375	0.0166015625	0.374741468459152				False	False
drawer565_drawer_open_libero90_t7_s20_r0_native_depth_v5_160	before	agentview	46	707	1515	0.088714599609375	0.0166015625	0.37577559462254395				False	False
drawer565_drawer_open_libero90_t7_s20_r0_native_depth_v5_160	before	agentview	39	4521	4616	0.18603515625	0.044921875	0.7880041365046536	0.00010385863040602851	0.9999986653049022	-0.2220458984375	True	True
drawer565_drawer_open_libero90_t7_s20_r0_native_depth_v5_160	before	wrist	11	0	0	0.0	0.0	0.0				False	False
drawer565_drawer_open_libero90_t7_s20_r0_native_depth_v5_160	before	wrist	12	0	0	0.0	0.0	0.0				False	False
drawer565_drawer_open_libero90_t7_s20_r0_native_depth_v5_160	before	wrist	13	0	0	0.0	0.0	0.0				False	False
drawer565_drawer_open_libero90_t7_s20_r0_native_depth_v5_160	before	wrist	14	0	0	0.0	0.0	0.0				False	False
drawer565_drawer_open_libero90_t7_s20_r0_native_depth_v5_160	before	wrist	15	0	0	0.0	0.0	0.0				False	False
drawer565_drawer_open_libero90_t7_s20_r0_native_depth_v5_160	before	joined	47	482	862	0.08868408203125	0.013671875	0.37564632885211996				False	False
drawer565_drawer_open_libero90_t7_s20_r0_native_depth_v5_160	before	joined	44	490	929	0.088470458984375	0.0166015625	0.374741468459152				False	False
drawer565_drawer_open_libero90_t7_s20_r0_native_depth_v5_160	before	joined	45	612	1196	0.088470458984375	0.0166015625	0.374741468459152				False	False
drawer565_drawer_open_libero90_t7_s20_r0_native_depth_v5_160	before	joined	46	707	1515	0.088714599609375	0.0166015625	0.37577559462254395				False	False
drawer565_drawer_open_libero90_t7_s20_r0_native_depth_v5_160	before	joined	39	4521	4616	0.18603515625	0.044921875	0.7880041365046536	0.00010385863040602851	0.9999986653049022	-0.2220458984375	True	True
drawer565_drawer_open_libero90_t7_s20_r0_native_depth_v5_160	after	agentview	83	386	752	0.088714599609375	0.013671875	0.37577559462254395				False	False
drawer565_drawer_open_libero90_t7_s20_r0_native_depth_v5_160	after	agentview	84	567	1114	0.088714599609375	0.0166015625	0.37577559462254395				False	False
drawer565_drawer_open_libero90_t7_s20_r0_native_depth_v5_160	after	agentview	86	589	1117	0.08868408203125	0.015625	0.37564632885211996				False	False
drawer565_drawer_open_libero90_t7_s20_r0_native_depth_v5_160	after	agentview	85	600	1189	0.08868408203125	0.0166015625	0.37564632885211996				False	False
drawer565_drawer_open_libero90_t7_s20_r0_native_depth_v5_160	after	agentview	79	1367	1463	0.18585205078125	0.044921875	0.7872285418821097	0.0014518538331448657	0.9999981528974683	-0.062255859375	True	True
drawer565_drawer_open_libero90_t7_s20_r0_native_depth_v5_160	after	wrist	84	717	1565	0.08868408203125	0.015625	0.37564632885211996				False	False
drawer565_drawer_open_libero90_t7_s20_r0_native_depth_v5_160	after	wrist	85	1610	3181	0.088714599609375	0.015625	0.37577559462254395				False	False
drawer565_drawer_open_libero90_t7_s20_r0_native_depth_v5_160	after	wrist	86	2523	6905	0.08868408203125	0.015625	0.37564632885211996				False	False
drawer565_drawer_open_libero90_t7_s20_r0_native_depth_v5_160	after	wrist	87	3614	5055	0.088623046875	0.013671875	0.375387797311272				False	False
drawer565_drawer_open_libero90_t7_s20_r0_native_depth_v5_160	after	wrist	79	25641	25866	0.18603515625	0.044921875	0.7880041365046536	5.323070737618816e-05	0.9999993688306776	-0.06170654296875	True	True
drawer565_drawer_open_libero90_t7_s20_r0_native_depth_v5_160	after	joined	84	1284	2679	0.08929443359375	0.0166015625	0.3782316442605998				False	False
drawer565_drawer_open_libero90_t7_s20_r0_native_depth_v5_160	after	joined	85	2210	4370	0.08929443359375	0.0166015625	0.3782316442605998				False	False
drawer565_drawer_open_libero90_t7_s20_r0_native_depth_v5_160	after	joined	86	3112	8022	0.089263916015625	0.0166015625	0.3781023784901758				False	False
drawer565_drawer_open_libero90_t7_s20_r0_native_depth_v5_160	after	joined	87	3838	5573	0.089111328125	0.013671875	0.37745604963805585				False	False
drawer565_drawer_open_libero90_t7_s20_r0_native_depth_v5_160	after	joined	79	27008	27329	0.18603515625	0.044921875	0.7880041365046536	2.9248150344344103e-05	0.999999177714034	-0.061737060546875	True	True
drawer565_drawer_close_libero90_t0_s30_r0_native_depth_v5_160	before	agentview	82	297	598	0.088592529296875	0.0146484375	0.38955984970477725				False	False
drawer565_drawer_close_libero90_t0_s30_r0_native_depth_v5_160	before	agentview	79	530	1001	0.08868408203125	0.015625	0.38996242619431026				False	False
drawer565_drawer_close_libero90_t0_s30_r0_native_depth_v5_160	before	agentview	80	588	1160	0.08868408203125	0.0166015625	0.38996242619431026				False	False
drawer565_drawer_close_libero90_t0_s30_r0_native_depth_v5_160	before	agentview	81	597	1191	0.088653564453125	0.0166015625	0.3898282340311326				False	False
drawer565_drawer_close_libero90_t0_s30_r0_native_depth_v5_160	before	agentview	74	1436	1527	0.1771240234375	0.0419921875	0.7788513150831992	0.00011336969280722525	0.9999979421163278	-0.077392578125	True	True
drawer565_drawer_close_libero90_t0_s30_r0_native_depth_v5_160	before	wrist	56	0	0	0.0	0.0	0.0				False	False
drawer565_drawer_close_libero90_t0_s30_r0_native_depth_v5_160	before	wrist	57	0	0	0.0	0.0	0.0				False	False
drawer565_drawer_close_libero90_t0_s30_r0_native_depth_v5_160	before	wrist	58	0	0	0.0	0.0	0.0				False	False
drawer565_drawer_close_libero90_t0_s30_r0_native_depth_v5_160	before	wrist	59	0	0	0.0	0.0	0.0				False	False
drawer565_drawer_close_libero90_t0_s30_r0_native_depth_v5_160	before	wrist	74	11682	11682	0.0390625	0.0419921875	0.17176596886741816				False	False
drawer565_drawer_close_libero90_t0_s30_r0_native_depth_v5_160	before	joined	82	297	598	0.088592529296875	0.0146484375	0.38955984970477725				False	False
drawer565_drawer_close_libero90_t0_s30_r0_native_depth_v5_160	before	joined	79	530	1001	0.08868408203125	0.015625	0.38996242619431026				False	False
drawer565_drawer_close_libero90_t0_s30_r0_native_depth_v5_160	before	joined	80	588	1160	0.08868408203125	0.0166015625	0.38996242619431026				False	False
drawer565_drawer_close_libero90_t0_s30_r0_native_depth_v5_160	before	joined	81	597	1191	0.088653564453125	0.0166015625	0.3898282340311326				False	False
drawer565_drawer_close_libero90_t0_s30_r0_native_depth_v5_160	before	joined	74	13118	13209	0.17724609375	0.0419921875	0.7793880837359098	0.00010050677194294802	0.9999948111608314	-0.07696533203125	True	True
drawer565_drawer_close_libero90_t0_s30_r0_native_depth_v5_160	after	agentview	41	473	883	0.08868408203125	0.015625	0.38996242619431026				False	False
drawer565_drawer_close_libero90_t0_s30_r0_native_depth_v5_160	after	agentview	44	557	909	0.08856201171875	0.013671875	0.3894256575415996				False	False
drawer565_drawer_close_libero90_t0_s30_r0_native_depth_v5_160	after	agentview	42	601	1185	0.08868408203125	0.0166015625	0.38996242619431026				False	False
drawer565_drawer_close_libero90_t0_s30_r0_native_depth_v5_160	after	agentview	43	672	1541	0.088653564453125	0.0166015625	0.3898282340311326				False	False
drawer565_drawer_close_libero90_t0_s30_r0_native_depth_v5_160	after	agentview	36	4159	4244	0.17730712890625	0.0419921875	0.7796564680622652	0.00010634460287091535	0.999998551866775	-0.230224609375	True	True
drawer565_drawer_close_libero90_t0_s30_r0_native_depth_v5_160	after	wrist	14	0	0	0.0	0.0	0.0				False	False
drawer565_drawer_close_libero90_t0_s30_r0_native_depth_v5_160	after	wrist	15	0	0	0.0	0.0	0.0				False	False
drawer565_drawer_close_libero90_t0_s30_r0_native_depth_v5_160	after	wrist	161	0	0	0.0	0.0	0.0				False	False
drawer565_drawer_close_libero90_t0_s30_r0_native_depth_v5_160	after	wrist	162	0	0	0.0	0.0	0.0				False	False
drawer565_drawer_close_libero90_t0_s30_r0_native_depth_v5_160	after	wrist	0	0	0	0.0	0.0	0.0				False	False
drawer565_drawer_close_libero90_t0_s30_r0_native_depth_v5_160	after	joined	41	473	883	0.08868408203125	0.015625	0.38996242619431026				False	False
drawer565_drawer_close_libero90_t0_s30_r0_native_depth_v5_160	after	joined	44	557	909	0.08856201171875	0.013671875	0.3894256575415996				False	False
drawer565_drawer_close_libero90_t0_s30_r0_native_depth_v5_160	after	joined	42	601	1185	0.08868408203125	0.0166015625	0.38996242619431026				False	False
drawer565_drawer_close_libero90_t0_s30_r0_native_depth_v5_160	after	joined	43	672	1541	0.088653564453125	0.0166015625	0.3898282340311326				False	False
drawer565_drawer_close_libero90_t0_s30_r0_native_depth_v5_160	after	joined	36	4159	4244	0.17730712890625	0.0419921875	0.7796564680622652	0.00010634460287091535	0.999998551866775	-0.230224609375	True	True
drawer565_drawer_open_libero90_t7_s30_r0_native_depth_v5_160	before	agentview	45	393	783	0.088592529296875	0.0126953125	0.37342423462824803				False	False
drawer565_drawer_open_libero90_t7_s30_r0_native_depth_v5_160	before	agentview	42	534	1026	0.088592529296875	0.015625	0.37342423462824803				False	False
drawer565_drawer_open_libero90_t7_s30_r0_native_depth_v5_160	before	agentview	43	626	1293	0.0887451171875	0.015625	0.3740674041677386				False	False
drawer565_drawer_open_libero90_t7_s30_r0_native_depth_v5_160	before	agentview	44	762	1478	0.0887451171875	0.015625	0.3740674041677386				False	False
drawer565_drawer_open_libero90_t7_s30_r0_native_depth_v5_160	before	agentview	37	4773	4865	0.1871337890625	0.0439453125	0.7887831232312837	7.334387958020966e-05	0.9999985995079218	-0.227783203125	True	True
drawer565_drawer_open_libero90_t7_s30_r0_native_depth_v5_160	before	wrist	122	0	0	0.0	0.0	0.0				False	False
drawer565_drawer_open_libero90_t7_s30_r0_native_depth_v5_160	before	wrist	123	0	0	0.0	0.0	0.0				False	False
drawer565_drawer_open_libero90_t7_s30_r0_native_depth_v5_160	before	wrist	124	0	0	0.0	0.0	0.0				False	False
drawer565_drawer_open_libero90_t7_s30_r0_native_depth_v5_160	before	wrist	125	0	0	0.0	0.0	0.0				False	False
drawer565_drawer_open_libero90_t7_s30_r0_native_depth_v5_160	before	wrist	0	0	0	0.0	0.0	0.0				False	False
drawer565_drawer_open_libero90_t7_s30_r0_native_depth_v5_160	before	joined	45	393	783	0.088592529296875	0.0126953125	0.37342423462824803				False	False
drawer565_drawer_open_libero90_t7_s30_r0_native_depth_v5_160	before	joined	42	534	1026	0.088592529296875	0.015625	0.37342423462824803				False	False
drawer565_drawer_open_libero90_t7_s30_r0_native_depth_v5_160	before	joined	43	626	1293	0.0887451171875	0.015625	0.3740674041677386				False	False
drawer565_drawer_open_libero90_t7_s30_r0_native_depth_v5_160	before	joined	44	762	1478	0.0887451171875	0.015625	0.3740674041677386				False	False
drawer565_drawer_open_libero90_t7_s30_r0_native_depth_v5_160	before	joined	37	4773	4865	0.1871337890625	0.0439453125	0.7887831232312837	7.334387958020966e-05	0.9999985995079218	-0.227783203125	True	True
drawer565_drawer_open_libero90_t7_s30_r0_native_depth_v5_160	after	agentview	84	515	830	0.08856201171875	0.0146484375	0.3732956007203499				False	False
drawer565_drawer_open_libero90_t7_s30_r0_native_depth_v5_160	after	agentview	81	541	995	0.088714599609375	0.015625	0.3739387702598405				False	False
drawer565_drawer_open_libero90_t7_s30_r0_native_depth_v5_160	after	agentview	82	607	1199	0.088714599609375	0.015625	0.3739387702598405				False	False
drawer565_drawer_open_libero90_t7_s30_r0_native_depth_v5_160	after	agentview	83	622	1236	0.088623046875	0.015625	0.3735528685361461				False	False
drawer565_drawer_open_libero90_t7_s30_r0_native_depth_v5_160	after	agentview	76	1468	1564	0.1871337890625	0.0439453125	0.7887831232312837	8.554514211650316e-05	0.9999984132791394	-0.06951904296875	True	True
drawer565_drawer_open_libero90_t7_s30_r0_native_depth_v5_160	after	wrist	81	426	973	0.088409423828125	0.015625	0.3726524311808593				False	False
drawer565_drawer_open_libero90_t7_s30_r0_native_depth_v5_160	after	wrist	82	998	1939	0.08868408203125	0.0166015625	0.3738101363519424				False	False
drawer565_drawer_open_libero90_t7_s30_r0_native_depth_v5_160	after	wrist	83	1397	2852	0.088714599609375	0.0166015625	0.3739387702598405				False	False
drawer565_drawer_open_libero90_t7_s30_r0_native_depth_v5_160	after	wrist	84	2656	3409	0.088714599609375	0.0146484375	0.3739387702598405				False	False
drawer565_drawer_open_libero90_t7_s30_r0_native_depth_v5_160	after	wrist	76	15565	15732	0.18719482421875	0.0439453125	0.78904039104708	3.1841781362523276e-05	0.999999194918566	-0.06903076171875	True	True
drawer565_drawer_open_libero90_t7_s30_r0_native_depth_v5_160	after	joined	81	967	1968	0.08905029296875	0.0166015625	0.37535374324671983				False	False
drawer565_drawer_open_libero90_t7_s30_r0_native_depth_v5_160	after	joined	82	1605	3138	0.08929443359375	0.0166015625	0.3763828145099048				False	False
drawer565_drawer_open_libero90_t7_s30_r0_native_depth_v5_160	after	joined	83	2019	4088	0.089263916015625	0.0166015625	0.3762541806020067				False	False
drawer565_drawer_open_libero90_t7_s30_r0_native_depth_v5_160	after	joined	84	3171	4239	0.0892333984375	0.0146484375	0.3761255466941086				False	False
drawer565_drawer_open_libero90_t7_s30_r0_native_depth_v5_160	after	joined	76	17033	17296	0.18719482421875	0.0439453125	0.78904039104708	0.00015418509883531872	0.9999986132959267	-0.06903076171875	True	True
drawer565_drawer_close_libero90_t22_s10_r0_native_depth_v5_160	before	agentview	46	0	0	0.0	0.0	0.0				False	False
drawer565_drawer_close_libero90_t22_s10_r0_native_depth_v5_160	before	agentview	47	0	0	0.0	0.0	0.0				False	False
drawer565_drawer_close_libero90_t22_s10_r0_native_depth_v5_160	before	agentview	79	11	87	0.072265625	0.00830078125	0.30649754077142116				False	False
drawer565_drawer_close_libero90_t22_s10_r0_native_depth_v5_160	before	agentview	78	157	1336	0.185546875	0.0498046875	0.7869531452239192	0.001593255034939017	0.9999998174339064	-0.06768798828125	True	True
drawer565_drawer_close_libero90_t22_s10_r0_native_depth_v5_160	before	agentview	77	1168	1249	0.185546875	0.0498046875	0.7869531452239192	9.72409525200853e-05	0.9999996564348422	-0.0677490234375	True	True
drawer565_drawer_close_libero90_t22_s10_r0_native_depth_v5_160	before	wrist	46	0	0	0.0	0.0	0.0				False	False
drawer565_drawer_close_libero90_t22_s10_r0_native_depth_v5_160	before	wrist	47	0	0	0.0	0.0	0.0				False	False
drawer565_drawer_close_libero90_t22_s10_r0_native_depth_v5_160	before	wrist	79	19	283	0.0734710693359375	0.00634765625	0.31161014755371474				False	False
drawer565_drawer_close_libero90_t22_s10_r0_native_depth_v5_160	before	wrist	78	530	9450	0.1419677734375	0.0498046875	0.602122702562775	0.0001730504685823982	0.9999893757475515	-0.0682373046875	True	True
drawer565_drawer_close_libero90_t22_s10_r0_native_depth_v5_160	before	wrist	77	8901	9167	0.1419677734375	0.0498046875	0.602122702562775	7.398085496422688e-05	0.9999956877752059	-0.0682373046875	True	True
drawer565_drawer_close_libero90_t22_s10_r0_native_depth_v5_160	before	joined	46	0	0	0.0	0.0	0.0				False	False
drawer565_drawer_close_libero90_t22_s10_r0_native_depth_v5_160	before	joined	47	0	0	0.0	0.0	0.0				False	False
drawer565_drawer_close_libero90_t22_s10_r0_native_depth_v5_160	before	joined	79	30	370	0.0745849609375	0.00830078125	0.31633445508672015				False	False
drawer565_drawer_close_libero90_t22_s10_r0_native_depth_v5_160	before	joined	78	687	10786	0.18560791015625	0.0498046875	0.7872120113901113	0.0004897355965837963	0.9999888098234883	-0.0682373046875	True	True
drawer565_drawer_close_libero90_t22_s10_r0_native_depth_v5_160	before	joined	77	10069	10416	0.18560791015625	0.0498046875	0.7872120113901113	0.0003666457947807307	0.9999937281465235	-0.0682373046875	True	True
drawer565_drawer_close_libero90_t22_s10_r0_native_depth_v5_160	after	agentview	42	363	664	0.088348388671875	0.01513671875	0.3747087755630339				False	False
drawer565_drawer_close_libero90_t22_s10_r0_native_depth_v5_160	after	agentview	43	484	981	0.088653564453125	0.01611328125	0.3760031063939943				False	False
drawer565_drawer_close_libero90_t22_s10_r0_native_depth_v5_160	after	agentview	44	563	1126	0.08868408203125	0.01611328125	0.37613253947709036				False	False
drawer565_drawer_close_libero90_t22_s10_r0_native_depth_v5_160	after	agentview	45	713	994	0.088714599609375	0.01513671875	0.3762619725601864				False	False
drawer565_drawer_close_libero90_t22_s10_r0_native_depth_v5_160	after	agentview	37	1791	1828	0.13153076171875	0.03271484375	0.5578565881439296				False	False
drawer565_drawer_close_libero90_t22_s10_r0_native_depth_v5_160	after	wrist	36	0	0	0.0	0.0	0.0				False	False
drawer565_drawer_close_libero90_t22_s10_r0_native_depth_v5_160	after	wrist	35	0	0	0.0	0.0	0.0				False	False
drawer565_drawer_close_libero90_t22_s10_r0_native_depth_v5_160	after	wrist	34	0	0	0.0	0.0	0.0				False	False
drawer565_drawer_close_libero90_t22_s10_r0_native_depth_v5_160	after	wrist	33	0	0	0.0	0.0	0.0				False	False
drawer565_drawer_close_libero90_t22_s10_r0_native_depth_v5_160	after	wrist	37	13	13	0.00439453125	0.001953125	0.018638363965829668				False	False
drawer565_drawer_close_libero90_t22_s10_r0_native_depth_v5_160	after	joined	42	363	664	0.088348388671875	0.01513671875	0.3747087755630339				False	False
drawer565_drawer_close_libero90_t22_s10_r0_native_depth_v5_160	after	joined	43	484	981	0.088653564453125	0.01611328125	0.3760031063939943				False	False
drawer565_drawer_close_libero90_t22_s10_r0_native_depth_v5_160	after	joined	44	563	1126	0.08868408203125	0.01611328125	0.37613253947709036				False	False
drawer565_drawer_close_libero90_t22_s10_r0_native_depth_v5_160	after	joined	45	713	994	0.088714599609375	0.01513671875	0.3762619725601864				False	False
drawer565_drawer_close_libero90_t22_s10_r0_native_depth_v5_160	after	joined	37	1804	1841	0.13153076171875	0.03271484375	0.5578565881439296				False	False
drawer565_drawer_open_libero90_t8_s10_r0_native_depth_v5_160	before	agentview	45	393	728	0.088531494140625	0.015625	0.37230492813141686				False	False
drawer565_drawer_open_libero90_t8_s10_r0_native_depth_v5_160	before	agentview	46	564	1107	0.088348388671875	0.015625	0.37153490759753593				False	False
drawer565_drawer_open_libero90_t8_s10_r0_native_depth_v5_160	before	agentview	47	633	1318	0.088531494140625	0.015625	0.37230492813141686				False	False
drawer565_drawer_open_libero90_t8_s10_r0_native_depth_v5_160	before	agentview	48	813	1139	0.0885009765625	0.0146484375	0.37217659137577				False	False
drawer565_drawer_open_libero90_t8_s10_r0_native_depth_v5_160	before	agentview	40	4255	4347	0.187744140625	0.0439453125	0.7895277207392197	8.019928370332438e-05	0.9999986756065392	-0.21728515625	True	True
drawer565_drawer_open_libero90_t8_s10_r0_native_depth_v5_160	before	wrist	13	0	0	0.0	0.0	0.0				False	False
drawer565_drawer_open_libero90_t8_s10_r0_native_depth_v5_160	before	wrist	14	0	0	0.0	0.0	0.0				False	False
drawer565_drawer_open_libero90_t8_s10_r0_native_depth_v5_160	before	wrist	15	0	0	0.0	0.0	0.0				False	False
drawer565_drawer_open_libero90_t8_s10_r0_native_depth_v5_160	before	wrist	129	0	0	0.0	0.0	0.0				False	False
drawer565_drawer_open_libero90_t8_s10_r0_native_depth_v5_160	before	wrist	0	0	0	0.0	0.0	0.0				False	False
drawer565_drawer_open_libero90_t8_s10_r0_native_depth_v5_160	before	joined	45	393	728	0.088531494140625	0.015625	0.37230492813141686				False	False
drawer565_drawer_open_libero90_t8_s10_r0_native_depth_v5_160	before	joined	46	564	1107	0.088348388671875	0.015625	0.37153490759753593				False	False
drawer565_drawer_open_libero90_t8_s10_r0_native_depth_v5_160	before	joined	47	633	1318	0.088531494140625	0.015625	0.37230492813141686				False	False
drawer565_drawer_open_libero90_t8_s10_r0_native_depth_v5_160	before	joined	48	813	1139	0.0885009765625	0.0146484375	0.37217659137577				False	False
drawer565_drawer_open_libero90_t8_s10_r0_native_depth_v5_160	before	joined	40	4255	4347	0.187744140625	0.0439453125	0.7895277207392197	8.019928370332438e-05	0.9999986756065392	-0.21728515625	True	True
drawer565_drawer_open_libero90_t8_s10_r0_native_depth_v5_160	after	agentview	35	0	0	0.0	0.0	0.0				False	False
drawer565_drawer_open_libero90_t8_s10_r0_native_depth_v5_160	after	agentview	34	0	0	0.0	0.0	0.0				False	False
drawer565_drawer_open_libero90_t8_s10_r0_native_depth_v5_160	after	agentview	42	91	186	0.071746826171875	0.0087890625	0.30171971252566737				False	False
drawer565_drawer_open_libero90_t8_s10_r0_native_depth_v5_160	after	agentview	41	187	368	0.071746826171875	0.0087890625	0.30171971252566737				False	False
drawer565_drawer_open_libero90_t8_s10_r0_native_depth_v5_160	after	agentview	40	4364	4456	0.18768310546875	0.0439453125	0.7892710472279261	8.873605129087832e-05	0.999998734886443	-0.2188720703125	True	True
drawer565_drawer_open_libero90_t8_s10_r0_native_depth_v5_160	after	wrist	35	0	0	0.0	0.0	0.0				False	False
drawer565_drawer_open_libero90_t8_s10_r0_native_depth_v5_160	after	wrist	34	0	0	0.0	0.0	0.0				False	False
drawer565_drawer_open_libero90_t8_s10_r0_native_depth_v5_160	after	wrist	42	29	68	0.0708770751953125	0.0048828125	0.29806211498973306				False	False
drawer565_drawer_open_libero90_t8_s10_r0_native_depth_v5_160	after	wrist	41	91	16164	0.187744140625	0.0439453125	0.7895277207392197	0.00010410833646922289	0.9999990708264928	-0.21826171875	True	True
drawer565_drawer_open_libero90_t8_s10_r0_native_depth_v5_160	after	wrist	40	16044	16096	0.187744140625	0.0439453125	0.7895277207392197	9.591486860742373e-05	0.9999988745211971	-0.21826171875	True	True
drawer565_drawer_open_libero90_t8_s10_r0_native_depth_v5_160	after	joined	35	0	0	0.0	0.0	0.0				False	False
drawer565_drawer_open_libero90_t8_s10_r0_native_depth_v5_160	after	joined	34	0	0	0.0	0.0	0.0				False	False
drawer565_drawer_open_libero90_t8_s10_r0_native_depth_v5_160	after	joined	42	120	254	0.074920654296875	0.0087890625	0.31506673511293637				False	False
drawer565_drawer_open_libero90_t8_s10_r0_native_depth_v5_160	after	joined	41	278	16532	0.187744140625	0.0439453125	0.7895277207392197	0.00018283410268901443	0.9999998378841203	-0.21826171875	True	True
drawer565_drawer_open_libero90_t8_s10_r0_native_depth_v5_160	after	joined	40	20408	20552	0.187744140625	0.0439453125	0.7895277207392197	0.0004491982368311396	0.9999975372639361	-0.2183837890625	True	True
drawer565_drawer_close_libero90_t22_s20_r0_native_depth_v5_160	before	agentview	46	0	0	0.0	0.0	0.0				False	False
drawer565_drawer_close_libero90_t22_s20_r0_native_depth_v5_160	before	agentview	47	0	0	0.0	0.0	0.0				False	False
drawer565_drawer_close_libero90_t22_s20_r0_native_depth_v5_160	before	agentview	77	10	86	0.0719757080078125	0.0078125	0.30476616287964936				False	False
drawer565_drawer_close_libero90_t22_s20_r0_native_depth_v5_160	before	agentview	76	157	1445	0.18572998046875	0.0498046875	0.7864349659892076	0.0009133775149031069	0.9999999803003564	-0.07421875	True	True
drawer565_drawer_close_libero90_t22_s20_r0_native_depth_v5_160	before	agentview	75	1278	1359	0.18572998046875	0.0498046875	0.7864349659892076	5.99597545029191e-05	0.999999285917354	-0.07421875	True	True
drawer565_drawer_close_libero90_t22_s20_r0_native_depth_v5_160	before	wrist	46	0	0	0.0	0.0	0.0				False	False
drawer565_drawer_close_libero90_t22_s20_r0_native_depth_v5_160	before	wrist	47	0	0	0.0	0.0	0.0				False	False
drawer565_drawer_close_libero90_t22_s20_r0_native_depth_v5_160	before	wrist	77	55	275	0.074127197265625	0.005859375	0.31387619658031307				False	False
drawer565_drawer_close_libero90_t22_s20_r0_native_depth_v5_160	before	wrist	76	447	8635	0.16351318359375	0.0498046875	0.6923625612504394	9.115869262906249e-05	0.9999963253431408	-0.07470703125	True	True
drawer565_drawer_close_libero90_t22_s20_r0_native_depth_v5_160	before	wrist	75	8133	8360	0.16351318359375	0.0498046875	0.6923625612504394	5.3342047905050923e-05	0.9999976801825355	-0.07470703125	True	True
drawer565_drawer_close_libero90_t22_s20_r0_native_depth_v5_160	before	joined	46	0	0	0.0	0.0	0.0				False	False
drawer565_drawer_close_libero90_t22_s20_r0_native_depth_v5_160	before	joined	47	0	0	0.0	0.0	0.0				False	False
drawer565_drawer_close_libero90_t22_s20_r0_native_depth_v5_160	before	joined	77	65	361	0.0745697021484375	0.0078125	0.3157498914549176				False	False
drawer565_drawer_close_libero90_t22_s20_r0_native_depth_v5_160	before	joined	76	604	10080	0.18609619140625	0.0498046875	0.7879856100233631	0.00048792466155645186	0.9999952845001501	-0.07470703125	True	True
drawer565_drawer_close_libero90_t22_s20_r0_native_depth_v5_160	before	joined	75	9411	9719	0.18609619140625	0.0498046875	0.7879856100233631	0.00041730327852278616	0.9999963444931331	-0.07470703125	True	True
drawer565_drawer_close_libero90_t22_s20_r0_native_depth_v5_160	after	agentview	44	0	0	0.0	0.0	0.0				False	False
drawer565_drawer_close_libero90_t22_s20_r0_native_depth_v5_160	after	agentview	45	0	0	0.0	0.0	0.0				False	False
drawer565_drawer_close_libero90_t22_s20_r0_native_depth_v5_160	after	agentview	59	25	103	0.0719757080078125	0.0078125	0.30476616287964936				False	False
drawer565_drawer_close_libero90_t22_s20_r0_native_depth_v5_160	after	agentview	58	151	2688	0.18603515625	0.0498046875	0.7877271693510038	9.885707893944253e-05	0.999999745777054	-0.14599609375	True	True
drawer565_drawer_close_libero90_t22_s20_r0_native_depth_v5_160	after	agentview	57	2512	2585	0.18603515625	0.0498046875	0.7877271693510038	6.81954106304663e-05	0.9999990212968088	-0.14599609375	True	True
drawer565_drawer_close_libero90_t22_s20_r0_native_depth_v5_160	after	wrist	12	0	0	0.0	0.0	0.0				False	False
drawer565_drawer_close_libero90_t22_s20_r0_native_depth_v5_160	after	wrist	13	0	0	0.0	0.0	0.0				False	False
drawer565_drawer_close_libero90_t22_s20_r0_native_depth_v5_160	after	wrist	14	0	0	0.0	0.0	0.0				False	False
drawer565_drawer_close_libero90_t22_s20_r0_native_depth_v5_160	after	wrist	15	0	0	0.0	0.0	0.0				False	False
drawer565_drawer_close_libero90_t22_s20_r0_native_depth_v5_160	after	wrist	0	0	0	0.0	0.0	0.0				False	False
drawer565_drawer_close_libero90_t22_s20_r0_native_depth_v5_160	after	joined	44	0	0	0.0	0.0	0.0				False	False
drawer565_drawer_close_libero90_t22_s20_r0_native_depth_v5_160	after	joined	45	0	0	0.0	0.0	0.0				False	False
drawer565_drawer_close_libero90_t22_s20_r0_native_depth_v5_160	after	joined	59	25	103	0.0719757080078125	0.0078125	0.30476616287964936				False	False
drawer565_drawer_close_libero90_t22_s20_r0_native_depth_v5_160	after	joined	58	151	2688	0.18603515625	0.0498046875	0.7877271693510038	9.885707893944253e-05	0.999999745777054	-0.14599609375	True	True
drawer565_drawer_close_libero90_t22_s20_r0_native_depth_v5_160	after	joined	57	2512	2585	0.18603515625	0.0498046875	0.7877271693510038	6.81954106304663e-05	0.9999990212968088	-0.14599609375	True	True
drawer565_drawer_open_libero90_t8_s20_r0_native_depth_v5_160	before	agentview	47	482	862	0.08868408203125	0.013671875	0.37564632885211996				False	False
drawer565_drawer_open_libero90_t8_s20_r0_native_depth_v5_160	before	agentview	44	490	929	0.088470458984375	0.0166015625	0.374741468459152				False	False
drawer565_drawer_open_libero90_t8_s20_r0_native_depth_v5_160	before	agentview	45	612	1196	0.088470458984375	0.0166015625	0.374741468459152				False	False
drawer565_drawer_open_libero90_t8_s20_r0_native_depth_v5_160	before	agentview	46	707	1515	0.088714599609375	0.0166015625	0.37577559462254395				False	False
drawer565_drawer_open_libero90_t8_s20_r0_native_depth_v5_160	before	agentview	39	4521	4616	0.18603515625	0.044921875	0.7880041365046536	0.00010385863040602851	0.9999986653049022	-0.2220458984375	True	True
drawer565_drawer_open_libero90_t8_s20_r0_native_depth_v5_160	before	wrist	11	0	0	0.0	0.0	0.0				False	False
drawer565_drawer_open_libero90_t8_s20_r0_native_depth_v5_160	before	wrist	12	0	0	0.0	0.0	0.0				False	False
drawer565_drawer_open_libero90_t8_s20_r0_native_depth_v5_160	before	wrist	13	0	0	0.0	0.0	0.0				False	False
drawer565_drawer_open_libero90_t8_s20_r0_native_depth_v5_160	before	wrist	14	0	0	0.0	0.0	0.0				False	False
drawer565_drawer_open_libero90_t8_s20_r0_native_depth_v5_160	before	wrist	15	0	0	0.0	0.0	0.0				False	False
drawer565_drawer_open_libero90_t8_s20_r0_native_depth_v5_160	before	joined	47	482	862	0.08868408203125	0.013671875	0.37564632885211996				False	False
drawer565_drawer_open_libero90_t8_s20_r0_native_depth_v5_160	before	joined	44	490	929	0.088470458984375	0.0166015625	0.374741468459152				False	False
drawer565_drawer_open_libero90_t8_s20_r0_native_depth_v5_160	before	joined	45	612	1196	0.088470458984375	0.0166015625	0.374741468459152				False	False
drawer565_drawer_open_libero90_t8_s20_r0_native_depth_v5_160	before	joined	46	707	1515	0.088714599609375	0.0166015625	0.37577559462254395				False	False
drawer565_drawer_open_libero90_t8_s20_r0_native_depth_v5_160	before	joined	39	4521	4616	0.18603515625	0.044921875	0.7880041365046536	0.00010385863040602851	0.9999986653049022	-0.2220458984375	True	True
drawer565_drawer_open_libero90_t8_s20_r0_native_depth_v5_160	after	agentview	63	649	1293	0.104095458984375	0.044921875	0.44092554291623576	0.003553824535522121	0.9999990711330421	-0.1256103515625	True	False
drawer565_drawer_open_libero90_t8_s20_r0_native_depth_v5_160	after	agentview	60	649	1335	0.10418701171875	0.044921875	0.44131334022750773	0.00356289281305592	0.9999992948673333	-0.1376953125	True	False
drawer565_drawer_open_libero90_t8_s20_r0_native_depth_v5_160	after	agentview	61	666	1329	0.10443115234375	0.044921875	0.44234746639089967	0.0035912649734920195	0.9999994962008947	-0.133544921875	True	False
drawer565_drawer_open_libero90_t8_s20_r0_native_depth_v5_160	after	agentview	62	669	1312	0.104400634765625	0.044921875	0.4422182006204757	0.0035599138105063214	0.9999995797816429	-0.129638671875	True	False
drawer565_drawer_open_libero90_t8_s20_r0_native_depth_v5_160	after	agentview	79	1366	1462	0.185791015625	0.044921875	0.7869700103412617	0.001297137757148945	0.9999981444325182	-0.062103271484375	True	True
drawer565_drawer_open_libero90_t8_s20_r0_native_depth_v5_160	after	wrist	63	773	1552	0.104949951171875	0.0341796875	0.44454498448810753				False	False
drawer565_drawer_open_libero90_t8_s20_r0_native_depth_v5_160	after	wrist	60	786	1604	0.10498046875	0.044921875	0.4446742502585315	0.003596003339238762	0.9999937249489983	-0.1375732421875	True	False
drawer565_drawer_open_libero90_t8_s20_r0_native_depth_v5_160	after	wrist	61	798	1609	0.1053466796875	0.044921875	0.4462254395036194	0.0036451207111875194	0.9999967560350014	-0.1336669921875	True	False
drawer565_drawer_open_libero90_t8_s20_r0_native_depth_v5_160	after	wrist	62	803	1561	0.1053466796875	0.04296875	0.4462254395036194	0.0035638291594662407	0.9999964899487751	-0.129638671875	True	False
drawer565_drawer_open_libero90_t8_s20_r0_native_depth_v5_160	after	wrist	79	15108	15301	0.18603515625	0.044921875	0.7880041365046536	4.0367462535322734e-05	0.999999842587579	-0.0614013671875	True	True
drawer565_drawer_open_libero90_t8_s20_r0_native_depth_v5_160	after	joined	63	1422	2845	0.106903076171875	0.044921875	0.452817993795243	0.0035692039368447025	0.999999058587031	-0.1256103515625	True	False
drawer565_drawer_open_libero90_t8_s20_r0_native_depth_v5_160	after	joined	60	1435	2939	0.106964111328125	0.044921875	0.453076525336091	0.0036057167135832833	0.999998970031725	-0.1375732421875	True	False
drawer565_drawer_open_libero90_t8_s20_r0_native_depth_v5_160	after	joined	61	1464	2938	0.107330322265625	0.044921875	0.4546277145811789	0.003616945657638265	0.9999992050367774	-0.1336669921875	True	False
drawer565_drawer_open_libero90_t8_s20_r0_native_depth_v5_160	after	joined	62	1472	2873	0.107330322265625	0.044921875	0.4546277145811789	0.003582175514310533	0.9999990984299635	-0.129638671875	True	False
drawer565_drawer_open_libero90_t8_s20_r0_native_depth_v5_160	after	joined	79	16474	16763	0.18603515625	0.044921875	0.7880041365046536	0.0006063365672497577	0.9999994155548372	-0.0614013671875	True	True
drawer565_drawer_close_libero90_t22_s30_r0_native_depth_v5_160	before	agentview	45	0	0	0.0	0.0	0.0				False	False
drawer565_drawer_close_libero90_t22_s30_r0_native_depth_v5_160	before	agentview	46	0	0	0.0	0.0	0.0				False	False
drawer565_drawer_close_libero90_t22_s30_r0_native_depth_v5_160	before	agentview	47	0	0	0.0	0.0	0.0				False	False
drawer565_drawer_close_libero90_t22_s30_r0_native_depth_v5_160	before	agentview	79	154	1268	0.1883544921875	0.0498046875	0.7890565072871388	0.0018512451745092168	0.9999999815819144	-0.062042236328125	True	True
drawer565_drawer_close_libero90_t22_s30_r0_native_depth_v5_160	before	agentview	78	1114	1188	0.1883544921875	0.0498046875	0.7890565072871388	8.700917027957009e-05	0.9999994743868292	-0.062042236328125	True	True
drawer565_drawer_close_libero90_t22_s30_r0_native_depth_v5_160	before	wrist	45	0	0	0.0	0.0	0.0				False	False
drawer565_drawer_close_libero90_t22_s30_r0_native_depth_v5_160	before	wrist	46	0	0	0.0	0.0	0.0				False	False
drawer565_drawer_close_libero90_t22_s30_r0_native_depth_v5_160	before	wrist	47	0	0	0.0	0.0	0.0				False	False
drawer565_drawer_close_libero90_t22_s30_r0_native_depth_v5_160	before	wrist	79	411	7037	0.18231201171875	0.0498046875	0.7637432881615955	4.9138584374084e-05	0.9999978656806191	-0.06256103515625	True	True
drawer565_drawer_close_libero90_t22_s30_r0_native_depth_v5_160	before	wrist	78	6626	6832	0.18231201171875	0.0498046875	0.7637432881615955	4.155494434803633e-05	0.9999981864069354	-0.06256103515625	True	True
drawer565_drawer_close_libero90_t22_s30_r0_native_depth_v5_160	before	joined	45	0	0	0.0	0.0	0.0				False	False
drawer565_drawer_close_libero90_t22_s30_r0_native_depth_v5_160	before	joined	46	0	0	0.0	0.0	0.0				False	False
drawer565_drawer_close_libero90_t22_s30_r0_native_depth_v5_160	before	joined	47	0	0	0.0	0.0	0.0				False	False
drawer565_drawer_close_libero90_t22_s30_r0_native_depth_v5_160	before	joined	79	565	8305	0.18865966796875	0.0498046875	0.7903349526975199	0.0005059598125209544	0.9999972839907649	-0.06256103515625	True	True
drawer565_drawer_close_libero90_t22_s30_r0_native_depth_v5_160	before	joined	78	7740	8020	0.18865966796875	0.0498046875	0.7903349526975199	0.000467843476698375	0.9999973774621834	-0.06256103515625	True	True
drawer565_drawer_close_libero90_t22_s30_r0_native_depth_v5_160	after	agentview	45	0	0	0.0	0.0	0.0				False	False
drawer565_drawer_close_libero90_t22_s30_r0_native_depth_v5_160	after	agentview	46	0	0	0.0	0.0	0.0				False	False
drawer565_drawer_close_libero90_t22_s30_r0_native_depth_v5_160	after	agentview	47	0	0	0.0	0.0	0.0				False	False
drawer565_drawer_close_libero90_t22_s30_r0_native_depth_v5_160	after	agentview	79	154	1268	0.1883544921875	0.0498046875	0.7890565072871388	0.0018512451745092168	0.9999999815819144	-0.062042236328125	True	True
drawer565_drawer_close_libero90_t22_s30_r0_native_depth_v5_160	after	agentview	78	1114	1188	0.1883544921875	0.0498046875	0.7890565072871388	8.700917027957009e-05	0.9999994743868292	-0.062042236328125	True	True
drawer565_drawer_close_libero90_t22_s30_r0_native_depth_v5_160	after	wrist	45	0	0	0.0	0.0	0.0				False	False
drawer565_drawer_close_libero90_t22_s30_r0_native_depth_v5_160	after	wrist	46	0	0	0.0	0.0	0.0				False	False
drawer565_drawer_close_libero90_t22_s30_r0_native_depth_v5_160	after	wrist	47	0	0	0.0	0.0	0.0				False	False
drawer565_drawer_close_libero90_t22_s30_r0_native_depth_v5_160	after	wrist	79	411	7037	0.18231201171875	0.0498046875	0.7637432881615955	4.9138584374084e-05	0.9999978656806191	-0.06256103515625	True	True
drawer565_drawer_close_libero90_t22_s30_r0_native_depth_v5_160	after	wrist	78	6626	6832	0.18231201171875	0.0498046875	0.7637432881615955	4.155494434803633e-05	0.9999981864069354	-0.06256103515625	True	True
drawer565_drawer_close_libero90_t22_s30_r0_native_depth_v5_160	after	joined	45	0	0	0.0	0.0	0.0				False	False
drawer565_drawer_close_libero90_t22_s30_r0_native_depth_v5_160	after	joined	46	0	0	0.0	0.0	0.0				False	False
drawer565_drawer_close_libero90_t22_s30_r0_native_depth_v5_160	after	joined	47	0	0	0.0	0.0	0.0				False	False
drawer565_drawer_close_libero90_t22_s30_r0_native_depth_v5_160	after	joined	79	565	8305	0.18865966796875	0.0498046875	0.7903349526975199	0.0005059598125209544	0.9999972839907649	-0.06256103515625	True	True
drawer565_drawer_close_libero90_t22_s30_r0_native_depth_v5_160	after	joined	78	7740	8020	0.18865966796875	0.0498046875	0.7903349526975199	0.000467843476698375	0.9999973774621834	-0.06256103515625	True	True
