case	phase	camera	fresh_pair	selected	v7_selected	width_m	height_m	points	width_fraction	residual_p90_m
drawer565_drawer_open_libero90_t6_s10_r0_native_depth_v5_160	before	agentview	True	True	True	0.187744140625	0.05517578125	2883	0.7895277207392197	9.395937731231835e-05
drawer565_drawer_open_libero90_t6_s10_r0_native_depth_v5_160	before	wrist	True	True	True	0.17352294921875	0.05517578125	18871	0.7297227926078029	8.473020354929103e-05
drawer565_drawer_open_libero90_t6_s10_r0_native_depth_v5_160	after	agentview	True	False	False	0.0	0.0	0		
drawer565_drawer_open_libero90_t6_s10_r0_native_depth_v5_160	after	wrist	True	False	False	0.0	0.0	0		
drawer565_drawer_open_libero90_t8_s30_r0_native_depth_v5_160	before	agentview	True	True	True	0.1871337890625	0.0439453125	4865	0.7887831232312837	7.334387958020966e-05
drawer565_drawer_open_libero90_t8_s30_r0_native_depth_v5_160	before	wrist	True	False	False	0.0	0.0	0		
drawer565_drawer_open_libero90_t8_s30_r0_native_depth_v5_160	after	agentview	True	True	True	0.1868896484375	0.0439453125	1628	0.7877540519680988	0.0016463378472853442
drawer565_drawer_open_libero90_t8_s30_r0_native_depth_v5_160	after	wrist	True	True	False	0.10430908203125	0.0439453125	33488	0.43967069719578084	6.911402796547683e-05
drawer565_drawer_close_libero90_t23_s10_r0_native_depth_v5_160	before	agentview	True	True	True	0.185791015625	0.0498046875	1472	0.7875767783866577	0.001277605979761006
drawer565_drawer_close_libero90_t23_s10_r0_native_depth_v5_160	before	wrist	True	True	True	0.1610107421875	0.0498046875	9582	0.6825320438186607	0.00011732380849130005
drawer565_drawer_close_libero90_t23_s10_r0_native_depth_v5_160	after	agentview	True	True	False	0.111541748046875	0.0498046875	2166	0.47283067099264686	0.00017872592426936224
drawer565_drawer_close_libero90_t23_s10_r0_native_depth_v5_160	after	wrist	True	False	False	0.0	0.0	0		
drawer565_drawer_open_libero90_t6_s20_r0_native_depth_v5_160	before	agentview	True	True	True	0.185791015625	0.0556640625	3001	0.7869700103412617	5.8344134983984096e-05
drawer565_drawer_open_libero90_t6_s20_r0_native_depth_v5_160	before	wrist	True	False	False	0.0	0.0	0		
drawer565_drawer_open_libero90_t6_s20_r0_native_depth_v5_160	after	agentview	True	True	True	0.1859130859375	0.0556640625	1376	0.7874870734229577	0.0008412292959272055
drawer565_drawer_open_libero90_t6_s20_r0_native_depth_v5_160	after	wrist	True	True	True	0.18603515625	0.0556640625	4409	0.7880041365046536	0.00010539790588431572
drawer565_drawer_open_libero90_t11_s10_r0_native_depth_v5_160	before	agentview	True	True	True	0.1865234375	0.0439453125	4357	0.7884416924664602	0.00010511542079133331
drawer565_drawer_open_libero90_t11_s10_r0_native_depth_v5_160	before	wrist	True	False	False	0.0	0.0	0		
drawer565_drawer_open_libero90_t11_s10_r0_native_depth_v5_160	after	agentview	True	True	True	0.1865234375	0.0439453125	1306	0.7884416924664602	2.5056193099084667e-05
drawer565_drawer_open_libero90_t11_s10_r0_native_depth_v5_160	after	wrist	True	True	True	0.1865234375	0.0439453125	19987	0.7884416924664602	1.8806294518859952e-05
drawer565_drawer_close_libero90_t23_s20_r0_native_depth_v5_160	before	agentview	True	True	True	0.180419921875	0.0498046875	1167	0.782631718294943	0.0016649761468372746
drawer565_drawer_close_libero90_t23_s20_r0_native_depth_v5_160	before	wrist	True	True	True	0.1641845703125	0.0498046875	6110	0.712205454064072	6.731978079962684e-05
drawer565_drawer_close_libero90_t23_s20_r0_native_depth_v5_160	after	agentview	True	False	False	0.0	0.0	0		
drawer565_drawer_close_libero90_t23_s20_r0_native_depth_v5_160	after	wrist	True	False	False	0.0	0.0	0		
drawer565_drawer_open_libero90_t6_s30_r0_native_depth_v5_160	before	agentview	True	True	True	0.18707275390625	0.0556640625	3128	0.7885258554154875	0.0001029419707708419
drawer565_drawer_open_libero90_t6_s30_r0_native_depth_v5_160	before	wrist	True	True	True	0.18084716796875	0.052734375	22601	0.7622845382042707	7.719684661309675e-05
drawer565_drawer_open_libero90_t6_s30_r0_native_depth_v5_160	after	agentview	True	True	True	0.1868896484375	0.0556640625	1548	0.7877540519680988	0.0009702644313213685
drawer565_drawer_open_libero90_t6_s30_r0_native_depth_v5_160	after	wrist	True	False	False	0.0	0.0	0		
drawer565_drawer_close_libero90_t0_s10_r0_native_depth_v5_160	before	agentview	True	True	True	0.17779541015625	0.0400390625	1178	0.7799196787148595	4.6459479342004346e-05
drawer565_drawer_close_libero90_t0_s10_r0_native_depth_v5_160	before	wrist	True	False	False	0.0	0.0	0		
drawer565_drawer_close_libero90_t0_s10_r0_native_depth_v5_160	after	agentview	True	True	True	0.1778564453125	0.0400390625	4059	0.7801874163319946	0.00012074390210482185
drawer565_drawer_close_libero90_t0_s10_r0_native_depth_v5_160	after	wrist	True	False	False	0.0	0.0	0		
drawer565_drawer_close_libero90_t23_s30_r0_native_depth_v5_160	before	agentview	True	True	True	0.18865966796875	0.0498046875	1331	0.7903349526975199	0.0008493310760167887
drawer565_drawer_close_libero90_t23_s30_r0_native_depth_v5_160	before	wrist	True	True	True	0.164306640625	0.0498046875	6211	0.6883150089491179	0.00010013901847238215
drawer565_drawer_close_libero90_t23_s30_r0_native_depth_v5_160	after	agentview	True	True	False	0.112579345703125	0.0498046875	2086	0.4716185118895423	0.0002838738172308958
drawer565_drawer_close_libero90_t23_s30_r0_native_depth_v5_160	after	wrist	True	True	True	0.119781494140625	0.0498046875	10458	0.5017898235745334	0.0001325869771543086
drawer565_drawer_open_libero90_t7_s10_r0_native_depth_v5_160	before	agentview	True	True	True	0.1878662109375	0.0439453125	4350	0.7896357106208312	8.030382479110905e-05
drawer565_drawer_open_libero90_t7_s10_r0_native_depth_v5_160	before	wrist	True	False	False	0.0	0.0	0		
drawer565_drawer_open_libero90_t7_s10_r0_native_depth_v5_160	after	agentview	True	True	True	0.187744140625	0.0439453125	2505	0.7891226269881991	5.6972020551149855e-05
drawer565_drawer_open_libero90_t7_s10_r0_native_depth_v5_160	after	wrist	True	True	False	0.11557769775390625	0.0439453125	31568	0.4857939969214982	4.857520328117034e-05
drawer565_drawer_close_libero90_t0_s20_r0_native_depth_v5_160	before	agentview	True	True	True	0.17718505859375	0.041015625	1553	0.7793288590604027	0.0008444786618474812
drawer565_drawer_close_libero90_t0_s20_r0_native_depth_v5_160	before	wrist	True	True	False	0.06396484375	0.041015625	18597	0.28134228187919463	5.806857008094481e-05
drawer565_drawer_close_libero90_t0_s20_r0_native_depth_v5_160	after	agentview	True	True	True	0.17730712890625	0.041015625	4223	0.7798657718120805	7.64862121008135e-05
drawer565_drawer_close_libero90_t0_s20_r0_native_depth_v5_160	after	wrist	True	False	False	0.0	0.0	0		
drawer565_drawer_close_libero90_t28_s10_r0_native_depth_v5_160	before	agentview	False	True	True	0.17694091796875	0.041015625	1549	0.7793010752688172	0.0016522917469771628
drawer565_drawer_close_libero90_t28_s10_r0_native_depth_v5_160	before	wrist	False	True	False	0.072845458984375	0.041015625	13570	0.32083333333333336	0.0003169971465443809
drawer565_drawer_close_libero90_t28_s10_r0_native_depth_v5_160	after	agentview	False	True	True	0.17694091796875	0.041015625	1549	0.7793010752688172	0.0016522917469771628
drawer565_drawer_close_libero90_t28_s10_r0_native_depth_v5_160	after	wrist	False	True	False	0.072845458984375	0.041015625	13570	0.32083333333333336	0.0003169971465443809
drawer565_drawer_open_libero90_t7_s20_r0_native_depth_v5_160	before	agentview	True	True	True	0.18603515625	0.044921875	4616	0.7880041365046536	0.00010385863040602851
drawer565_drawer_open_libero90_t7_s20_r0_native_depth_v5_160	before	wrist	True	False	False	0.0	0.0	0		
drawer565_drawer_open_libero90_t7_s20_r0_native_depth_v5_160	after	agentview	True	True	True	0.18585205078125	0.044921875	1463	0.7872285418821097	0.0014518538331448657
drawer565_drawer_open_libero90_t7_s20_r0_native_depth_v5_160	after	wrist	True	True	True	0.18603515625	0.044921875	25866	0.7880041365046536	5.323070737618816e-05
drawer565_drawer_close_libero90_t0_s30_r0_native_depth_v5_160	before	agentview	True	True	True	0.1771240234375	0.0419921875	1527	0.7788513150831992	0.00011336969280722525
drawer565_drawer_close_libero90_t0_s30_r0_native_depth_v5_160	before	wrist	True	False	False	0.0	0.0	0		
drawer565_drawer_close_libero90_t0_s30_r0_native_depth_v5_160	after	agentview	True	True	True	0.17730712890625	0.0419921875	4244	0.7796564680622652	0.00010634460287091535
drawer565_drawer_close_libero90_t0_s30_r0_native_depth_v5_160	after	wrist	True	False	False	0.0	0.0	0		
drawer565_drawer_open_libero90_t7_s30_r0_native_depth_v5_160	before	agentview	True	True	True	0.1871337890625	0.0439453125	4865	0.7887831232312837	7.334387958020966e-05
drawer565_drawer_open_libero90_t7_s30_r0_native_depth_v5_160	before	wrist	True	False	False	0.0	0.0	0		
drawer565_drawer_open_libero90_t7_s30_r0_native_depth_v5_160	after	agentview	True	True	True	0.1871337890625	0.0439453125	1564	0.7887831232312837	8.554514211650316e-05
drawer565_drawer_open_libero90_t7_s30_r0_native_depth_v5_160	after	wrist	True	True	True	0.18719482421875	0.0439453125	15732	0.78904039104708	3.1841781362523276e-05
drawer565_drawer_close_libero90_t22_s10_r0_native_depth_v5_160	before	agentview	True	True	True	0.185546875	0.0498046875	1336	0.7869531452239192	0.001593255034939017
drawer565_drawer_close_libero90_t22_s10_r0_native_depth_v5_160	before	wrist	True	True	True	0.1419677734375	0.0498046875	9450	0.602122702562775	0.0001730504685823982
drawer565_drawer_close_libero90_t22_s10_r0_native_depth_v5_160	after	agentview	True	False	False	0.0	0.0	0		
drawer565_drawer_close_libero90_t22_s10_r0_native_depth_v5_160	after	wrist	True	False	False	0.0	0.0	0		
drawer565_drawer_open_libero90_t8_s10_r0_native_depth_v5_160	before	agentview	True	True	True	0.187744140625	0.0439453125	4347	0.7895277207392197	8.019928370332438e-05
drawer565_drawer_open_libero90_t8_s10_r0_native_depth_v5_160	before	wrist	True	False	False	0.0	0.0	0		
drawer565_drawer_open_libero90_t8_s10_r0_native_depth_v5_160	after	agentview	True	True	True	0.18768310546875	0.0439453125	4456	0.7892710472279261	8.873605129087832e-05
drawer565_drawer_open_libero90_t8_s10_r0_native_depth_v5_160	after	wrist	True	True	True	0.187744140625	0.0439453125	16164	0.7895277207392197	0.00010410833646922289
drawer565_drawer_close_libero90_t22_s20_r0_native_depth_v5_160	before	agentview	True	True	True	0.18572998046875	0.0498046875	1445	0.7864349659892076	0.0009133775149031069
drawer565_drawer_close_libero90_t22_s20_r0_native_depth_v5_160	before	wrist	True	True	True	0.16351318359375	0.0498046875	8635	0.6923625612504394	9.115869262906249e-05
drawer565_drawer_close_libero90_t22_s20_r0_native_depth_v5_160	after	agentview	True	True	True	0.18603515625	0.0498046875	2688	0.7877271693510038	9.885707893944253e-05
drawer565_drawer_close_libero90_t22_s20_r0_native_depth_v5_160	after	wrist	True	False	False	0.0	0.0	0		
drawer565_drawer_open_libero90_t8_s20_r0_native_depth_v5_160	before	agentview	True	True	True	0.18603515625	0.044921875	4616	0.7880041365046536	0.00010385863040602851
drawer565_drawer_open_libero90_t8_s20_r0_native_depth_v5_160	before	wrist	True	False	False	0.0	0.0	0		
drawer565_drawer_open_libero90_t8_s20_r0_native_depth_v5_160	after	agentview	True	True	True	0.185791015625	0.044921875	1462	0.7869700103412617	0.001297137757148945
drawer565_drawer_open_libero90_t8_s20_r0_native_depth_v5_160	after	wrist	True	True	True	0.18603515625	0.044921875	15301	0.7880041365046536	4.0367462535322734e-05
drawer565_drawer_close_libero90_t22_s30_r0_native_depth_v5_160	before	agentview	False	True	True	0.1883544921875	0.0498046875	1268	0.7890565072871388	0.0018512451745092168
drawer565_drawer_close_libero90_t22_s30_r0_native_depth_v5_160	before	wrist	False	True	True	0.18231201171875	0.0498046875	7037	0.7637432881615955	4.9138584374084e-05
drawer565_drawer_close_libero90_t22_s30_r0_native_depth_v5_160	after	agentview	False	True	True	0.1883544921875	0.0498046875	1268	0.7890565072871388	0.0018512451745092168
drawer565_drawer_close_libero90_t22_s30_r0_native_depth_v5_160	after	wrist	False	True	True	0.18231201171875	0.0498046875	7037	0.7637432881615955	4.9138584374084e-05
