case,phase,stage,source_step,q_rad,true_on,true_off,sim_time,label_path,label_sha256,public_capture_path,public_capture_sha256
libero_goal_t7_s0,initial,pre_recovery,0,0.0,False,False,0.7500000000000006,/public/home/sunyihan/rpent_libero_eval/results/harness_v5/stove555_measurement10_original_20261006/probe_job4210/part0/libero_goal_t7_s0/initial/pre_recovery/labels.json,98c6e744e9946875a04dcee9b768c75954402953598e7f5c84fe5f9cc9e3e102,/public/home/sunyihan/rpent_libero_eval/results/harness_v5/stove555_measurement10_original_20261006/probe_job4210/part0/libero_goal_t7_s0/initial/pre_recovery/public_measurements.json,16e30ff2ce2473bbc2d0250d9c8618f7d8f325ccd0d216da876229e95dc280f7
libero_goal_t7_s0,initial,post_recovery,1,0.0,False,False,1.7500000000000013,/public/home/sunyihan/rpent_libero_eval/results/harness_v5/stove555_measurement10_original_20261006/probe_job4210/part0/libero_goal_t7_s0/initial/post_recovery/labels.json,7b1cd52357c0d9f5fd8945ea0ffa82dfdfcc28bc3782463e4e39b72c601ad3b5,/public/home/sunyihan/rpent_libero_eval/results/harness_v5/stove555_measurement10_original_20261006/probe_job4210/part0/libero_goal_t7_s0/initial/post_recovery/public_measurements.json,cd7ec1cc572d5492919f387084869dea6e589434ae418fc43999d960130e3361
libero_goal_t7_s0,on,before_contact,2,0.0,False,False,1.7500000000000013,/public/home/sunyihan/rpent_libero_eval/results/harness_v5/stove555_measurement10_original_20261006/probe_job4210/part0/libero_goal_t7_s0/on/before_contact/labels.json,2e6cc1e01e9bc4227c1c6d8e4bae6f1fee44b0ecd55d505500bfc89cbeade6ed,/public/home/sunyihan/rpent_libero_eval/results/harness_v5/stove555_measurement10_original_20261006/probe_job4210/part0/libero_goal_t7_s0/on/before_contact/public_measurements.json,5e0d1b7ecba8c7625877917c0b25ffd2070cffb7afbfcd6c1824d96a59c4e276
libero_goal_t7_s0,on,pre_recovery,3,2.10021508190376,True,False,41.75000000000506,/public/home/sunyihan/rpent_libero_eval/results/harness_v5/stove555_measurement10_original_20261006/probe_job4210/part0/libero_goal_t7_s0/on/pre_recovery/labels.json,59fa6ea389b6ca2aa669c951260854dce2b724b644277c7a512c15aafb76c891,/public/home/sunyihan/rpent_libero_eval/results/harness_v5/stove555_measurement10_original_20261006/probe_job4210/part0/libero_goal_t7_s0/on/pre_recovery/public_measurements.json,26f98b4daf8a727cc864886ac1d9a0378bd0df16e79ccb71f3f3c5a7392f806c
libero_goal_t7_s0,on,post_recovery,4,1.915748355909459,True,False,45.80000000001001,/public/home/sunyihan/rpent_libero_eval/results/harness_v5/stove555_measurement10_original_20261006/probe_job4210/part0/libero_goal_t7_s0/on/post_recovery/labels.json,dcd241fb9a6c80bd146b786dd3618c2b8c6215bc4282f2ec88e0deb3b7cb349d,/public/home/sunyihan/rpent_libero_eval/results/harness_v5/stove555_measurement10_original_20261006/probe_job4210/part0/libero_goal_t7_s0/on/post_recovery/public_measurements.json,e3262857cb1fa8533c304f4701e288b7a8c2a5278ebcdd638a5b3d419d0f9ff7
libero_goal_t7_s0,off,before_contact,5,1.915748355909459,True,False,45.80000000001001,/public/home/sunyihan/rpent_libero_eval/results/harness_v5/stove555_measurement10_original_20261006/probe_job4210/part0/libero_goal_t7_s0/off/before_contact/labels.json,db74806e5a4eb01804a7fb998ab7c40eb04153d7147faa6c7bff4a39b6a80253,/public/home/sunyihan/rpent_libero_eval/results/harness_v5/stove555_measurement10_original_20261006/probe_job4210/part0/libero_goal_t7_s0/off/before_contact/public_measurements.json,c61642220ca34b549e220606a95939a8ba9a68914aaa68842ef93d76b354d537
libero_goal_t7_s0,off,pre_recovery,6,1.4863324126502353,True,False,85.79999999998144,/public/home/sunyihan/rpent_libero_eval/results/harness_v5/stove555_measurement10_original_20261006/probe_job4210/part0/libero_goal_t7_s0/off/pre_recovery/labels.json,2cf59d39c4222f55d5b70dd95aed8555b13b51bd5cb38aaeca6b2b858920876e,/public/home/sunyihan/rpent_libero_eval/results/harness_v5/stove555_measurement10_original_20261006/probe_job4210/part0/libero_goal_t7_s0/off/pre_recovery/public_measurements.json,43d1c8f9743ee817cd783e7b24bbc941f80a86a18406d0c9774e1f0add4da52d
libero_goal_t7_s0,off,post_recovery,7,1.4863322409152455,True,False,88.79999999997445,/public/home/sunyihan/rpent_libero_eval/results/harness_v5/stove555_measurement10_original_20261006/probe_job4210/part0/libero_goal_t7_s0/off/post_recovery/labels.json,422096ab315ea39c709bca68601c2b49bc3d41c85660ea48c53c152dfe8d1ff0,/public/home/sunyihan/rpent_libero_eval/results/harness_v5/stove555_measurement10_original_20261006/probe_job4210/part0/libero_goal_t7_s0/off/post_recovery/public_measurements.json,98d850793fd09568432043c77f0a085fb3be6bb0e41ef57b15251dc38c556c6a
libero_goal_t7_s4,initial,pre_recovery,0,0.0,False,False,0.7500000000000006,/public/home/sunyihan/rpent_libero_eval/results/harness_v5/stove555_measurement10_original_20261006/probe_job4210/part0/libero_goal_t7_s4/initial/pre_recovery/labels.json,98c6e744e9946875a04dcee9b768c75954402953598e7f5c84fe5f9cc9e3e102,/public/home/sunyihan/rpent_libero_eval/results/harness_v5/stove555_measurement10_original_20261006/probe_job4210/part0/libero_goal_t7_s4/initial/pre_recovery/public_measurements.json,88e3cf2e9cb533fc322f67765d9fa692d60e638139b1685f8e7841e69d810397
libero_goal_t7_s4,initial,post_recovery,1,0.0,False,False,1.7500000000000013,/public/home/sunyihan/rpent_libero_eval/results/harness_v5/stove555_measurement10_original_20261006/probe_job4210/part0/libero_goal_t7_s4/initial/post_recovery/labels.json,7b1cd52357c0d9f5fd8945ea0ffa82dfdfcc28bc3782463e4e39b72c601ad3b5,/public/home/sunyihan/rpent_libero_eval/results/harness_v5/stove555_measurement10_original_20261006/probe_job4210/part0/libero_goal_t7_s4/initial/post_recovery/public_measurements.json,ba7ba22d8a809032215be69e670b69ba0ee248d6e86bc497da649dfa27c4b5c3
libero_goal_t7_s4,on,before_contact,2,0.0,False,False,1.7500000000000013,/public/home/sunyihan/rpent_libero_eval/results/harness_v5/stove555_measurement10_original_20261006/probe_job4210/part0/libero_goal_t7_s4/on/before_contact/labels.json,2e6cc1e01e9bc4227c1c6d8e4bae6f1fee44b0ecd55d505500bfc89cbeade6ed,/public/home/sunyihan/rpent_libero_eval/results/harness_v5/stove555_measurement10_original_20261006/probe_job4210/part0/libero_goal_t7_s4/on/before_contact/public_measurements.json,40a9eba58048fc667f175e2012dae856d91441939df3fd8e89f7ffbe6413255e
libero_goal_t7_s4,on,pre_recovery,3,2.100339322832089,True,False,41.75000000000506,/public/home/sunyihan/rpent_libero_eval/results/harness_v5/stove555_measurement10_original_20261006/probe_job4210/part0/libero_goal_t7_s4/on/pre_recovery/labels.json,fbf7ee14c7becdfa516ff9114a48bb773b411941a1dc324132e584190e4d0168,/public/home/sunyihan/rpent_libero_eval/results/harness_v5/stove555_measurement10_original_20261006/probe_job4210/part0/libero_goal_t7_s4/on/pre_recovery/public_measurements.json,0fcb2c114340638e79f7f63dbb7adcd409e94b8beeb34e950f4cc78a31d16924
libero_goal_t7_s4,on,post_recovery,4,2.0016848571866146,True,False,45.80000000001001,/public/home/sunyihan/rpent_libero_eval/results/harness_v5/stove555_measurement10_original_20261006/probe_job4210/part0/libero_goal_t7_s4/on/post_recovery/labels.json,d81a6b04c9ec1a552dbd79914ca18f3d971f9d0e72864cb5b84a227f113703cc,/public/home/sunyihan/rpent_libero_eval/results/harness_v5/stove555_measurement10_original_20261006/probe_job4210/part0/libero_goal_t7_s4/on/post_recovery/public_measurements.json,046ee51739252a7842adebe72d1ff3dc7031c4a8775b2accdcbe18217004bac5
libero_goal_t7_s4,off,before_contact,5,2.0016848571866146,True,False,45.80000000001001,/public/home/sunyihan/rpent_libero_eval/results/harness_v5/stove555_measurement10_original_20261006/probe_job4210/part0/libero_goal_t7_s4/off/before_contact/labels.json,3d27d606c89cf3367643e264f7821e035ad44af7f2a80aa2f89eac469599ffe5,/public/home/sunyihan/rpent_libero_eval/results/harness_v5/stove555_measurement10_original_20261006/probe_job4210/part0/libero_goal_t7_s4/off/before_contact/public_measurements.json,43d7c9da3a1352433f7a96dba3af8c8c2940a83e379ec0404cb87be6766911af
libero_goal_t7_s4,off,pre_recovery,6,1.8853724751300311,True,False,85.79999999998144,/public/home/sunyihan/rpent_libero_eval/results/harness_v5/stove555_measurement10_original_20261006/probe_job4210/part0/libero_goal_t7_s4/off/pre_recovery/labels.json,c551fcace6f5f53956a0b87c18397a567e89c180e319d7d73559d4935aa4d610,/public/home/sunyihan/rpent_libero_eval/results/harness_v5/stove555_measurement10_original_20261006/probe_job4210/part0/libero_goal_t7_s4/off/pre_recovery/public_measurements.json,ce9d0778d32549770af9097f2c1145604fc8b1262ad54520dd5f59b113a1ff34
libero_goal_t7_s4,off,post_recovery,7,1.8853754426220697,True,False,89.89999999997188,/public/home/sunyihan/rpent_libero_eval/results/harness_v5/stove555_measurement10_original_20261006/probe_job4210/part0/libero_goal_t7_s4/off/post_recovery/labels.json,ddc361bc9e3180acb33022cec8a6a280ff5b58fc72ad9815832f40062b524454,/public/home/sunyihan/rpent_libero_eval/results/harness_v5/stove555_measurement10_original_20261006/probe_job4210/part0/libero_goal_t7_s4/off/post_recovery/public_measurements.json,b9f235c709af93328c8fd56807058fccba6b85d95d5d02bae0d4702877d61357
libero_goal_t7_s8,initial,pre_recovery,0,0.0,False,False,0.7500000000000006,/public/home/sunyihan/rpent_libero_eval/results/harness_v5/stove555_measurement10_original_20261006/probe_job4210/part0/libero_goal_t7_s8/initial/pre_recovery/labels.json,98c6e744e9946875a04dcee9b768c75954402953598e7f5c84fe5f9cc9e3e102,/public/home/sunyihan/rpent_libero_eval/results/harness_v5/stove555_measurement10_original_20261006/probe_job4210/part0/libero_goal_t7_s8/initial/pre_recovery/public_measurements.json,2ebc7b94d9a0bb1cae7205d7ce336651fe110f245f6b05072180f2d5d45b2601
libero_goal_t7_s8,initial,post_recovery,1,0.0,False,False,1.7500000000000013,/public/home/sunyihan/rpent_libero_eval/results/harness_v5/stove555_measurement10_original_20261006/probe_job4210/part0/libero_goal_t7_s8/initial/post_recovery/labels.json,7b1cd52357c0d9f5fd8945ea0ffa82dfdfcc28bc3782463e4e39b72c601ad3b5,/public/home/sunyihan/rpent_libero_eval/results/harness_v5/stove555_measurement10_original_20261006/probe_job4210/part0/libero_goal_t7_s8/initial/post_recovery/public_measurements.json,7f79f7fb69319a9b858e63e5fcb1940d2c629933610999bfc8f4d62c9b71b60a
libero_goal_t7_s8,on,before_contact,2,0.0,False,False,1.7500000000000013,/public/home/sunyihan/rpent_libero_eval/results/harness_v5/stove555_measurement10_original_20261006/probe_job4210/part0/libero_goal_t7_s8/on/before_contact/labels.json,2e6cc1e01e9bc4227c1c6d8e4bae6f1fee44b0ecd55d505500bfc89cbeade6ed,/public/home/sunyihan/rpent_libero_eval/results/harness_v5/stove555_measurement10_original_20261006/probe_job4210/part0/libero_goal_t7_s8/on/before_contact/public_measurements.json,fa3c668c31684b16b7b3c3ba559305c8b0d8b8a7c35d7c2a9c0f298b8a77508b
libero_goal_t7_s8,on,pre_recovery,3,2.1000586115052213,True,False,41.75000000000506,/public/home/sunyihan/rpent_libero_eval/results/harness_v5/stove555_measurement10_original_20261006/probe_job4210/part0/libero_goal_t7_s8/on/pre_recovery/labels.json,1f59489004901132229b692dc3d916b30ef1e6d025be771191974dc23d8a2bb9,/public/home/sunyihan/rpent_libero_eval/results/harness_v5/stove555_measurement10_original_20261006/probe_job4210/part0/libero_goal_t7_s8/on/pre_recovery/public_measurements.json,c006a71cfc4c72fc3594df6ed0cb32c5fbe9b082b4274d0437aff89d27cf1be8
libero_goal_t7_s8,on,post_recovery,4,2.0989612750073365,True,False,44.95000000000897,/public/home/sunyihan/rpent_libero_eval/results/harness_v5/stove555_measurement10_original_20261006/probe_job4210/part0/libero_goal_t7_s8/on/post_recovery/labels.json,ef58575c0c86a5f0a7467651220d14958d23b4176a52eb02a4f001494db5dd72,/public/home/sunyihan/rpent_libero_eval/results/harness_v5/stove555_measurement10_original_20261006/probe_job4210/part0/libero_goal_t7_s8/on/post_recovery/public_measurements.json,a86dddcc325a87e4dcdf5b9ee671584956bf62f7d5a845b3e188d753e2125f8a
libero_goal_t7_s8,off,before_contact,5,2.0989612750073365,True,False,44.95000000000897,/public/home/sunyihan/rpent_libero_eval/results/harness_v5/stove555_measurement10_original_20261006/probe_job4210/part0/libero_goal_t7_s8/off/before_contact/labels.json,f6b3c80b7083127e759393ca2259b634844ca1f43f8021fcf01f0c66258fe169,/public/home/sunyihan/rpent_libero_eval/results/harness_v5/stove555_measurement10_original_20261006/probe_job4210/part0/libero_goal_t7_s8/off/before_contact/public_measurements.json,7246d66a140d72004ec5806f81a17611e3b031dca1369aa7a4ac1e2cfddaef78
libero_goal_t7_s8,off,pre_recovery,6,2.0988312245428205,True,False,84.94999999998342,/public/home/sunyihan/rpent_libero_eval/results/harness_v5/stove555_measurement10_original_20261006/probe_job4210/part0/libero_goal_t7_s8/off/pre_recovery/labels.json,1c56ecd5ae4d308398f0040f316734a6fdbc065ebbfb6575ea1eaf4d7c518c70,/public/home/sunyihan/rpent_libero_eval/results/harness_v5/stove555_measurement10_original_20261006/probe_job4210/part0/libero_goal_t7_s8/off/pre_recovery/public_measurements.json,fee9d6cd7566ac37fcadb8f583bfc88af47fbb69244dff4e3309e38a86f3ef30
libero_goal_t7_s8,off,post_recovery,7,2.0988312245428205,True,False,87.7499999999769,/public/home/sunyihan/rpent_libero_eval/results/harness_v5/stove555_measurement10_original_20261006/probe_job4210/part0/libero_goal_t7_s8/off/post_recovery/labels.json,bb57daac6be32aac72f6b704747196befeb80e54616cb392db09f0f68933718f,/public/home/sunyihan/rpent_libero_eval/results/harness_v5/stove555_measurement10_original_20261006/probe_job4210/part0/libero_goal_t7_s8/off/post_recovery/public_measurements.json,c40b165e71965586499182cb54cf33a1733e2edeffa1fa976ee65d6292c31cb4
libero_goal_t7_s1,initial,pre_recovery,0,0.0,False,False,0.7500000000000006,/public/home/sunyihan/rpent_libero_eval/results/harness_v5/stove555_measurement10_original_20261006/probe_job4210/part1/libero_goal_t7_s1/initial/pre_recovery/labels.json,98c6e744e9946875a04dcee9b768c75954402953598e7f5c84fe5f9cc9e3e102,/public/home/sunyihan/rpent_libero_eval/results/harness_v5/stove555_measurement10_original_20261006/probe_job4210/part1/libero_goal_t7_s1/initial/pre_recovery/public_measurements.json,a6a11a7142c4005d4bd138976467f9bbc92df75ad3960d1329235bdb135f79d1
libero_goal_t7_s1,initial,post_recovery,1,0.0,False,False,1.7500000000000013,/public/home/sunyihan/rpent_libero_eval/results/harness_v5/stove555_measurement10_original_20261006/probe_job4210/part1/libero_goal_t7_s1/initial/post_recovery/labels.json,7b1cd52357c0d9f5fd8945ea0ffa82dfdfcc28bc3782463e4e39b72c601ad3b5,/public/home/sunyihan/rpent_libero_eval/results/harness_v5/stove555_measurement10_original_20261006/probe_job4210/part1/libero_goal_t7_s1/initial/post_recovery/public_measurements.json,bc4902148235011579b65bb87979cb20dc1dbe4492d05694d143ff094b9ea751
libero_goal_t7_s1,on,before_contact,2,0.0,False,False,1.7500000000000013,/public/home/sunyihan/rpent_libero_eval/results/harness_v5/stove555_measurement10_original_20261006/probe_job4210/part1/libero_goal_t7_s1/on/before_contact/labels.json,2e6cc1e01e9bc4227c1c6d8e4bae6f1fee44b0ecd55d505500bfc89cbeade6ed,/public/home/sunyihan/rpent_libero_eval/results/harness_v5/stove555_measurement10_original_20261006/probe_job4210/part1/libero_goal_t7_s1/on/before_contact/public_measurements.json,62aa2560f3afa6b1cdef25d257a5488ef94cfef1b52526d4ad867548cc6cd737
libero_goal_t7_s1,on,pre_recovery,3,2.100347516067751,True,False,41.75000000000506,/public/home/sunyihan/rpent_libero_eval/results/harness_v5/stove555_measurement10_original_20261006/probe_job4210/part1/libero_goal_t7_s1/on/pre_recovery/labels.json,3cec8ede01475bd6d15bed00c555eb641a069c67c0e1e2199999e64fa6319f54,/public/home/sunyihan/rpent_libero_eval/results/harness_v5/stove555_measurement10_original_20261006/probe_job4210/part1/libero_goal_t7_s1/on/pre_recovery/public_measurements.json,ed7b545b56b900cfddd916ffc9d1f1923282962b683d4972f6a15537bbba9949
libero_goal_t7_s1,on,post_recovery,4,2.0959083338036395,True,False,46.25000000001056,/public/home/sunyihan/rpent_libero_eval/results/harness_v5/stove555_measurement10_original_20261006/probe_job4210/part1/libero_goal_t7_s1/on/post_recovery/labels.json,df2ee7c2a7bb4dda5905fb8a8339108b10562791e3f6b22b4e3ac85e41531470,/public/home/sunyihan/rpent_libero_eval/results/harness_v5/stove555_measurement10_original_20261006/probe_job4210/part1/libero_goal_t7_s1/on/post_recovery/public_measurements.json,de292ee8805b3693f4809a9ade08a78ec5c858812bf3f66b8fbf011608a890b3
libero_goal_t7_s1,off,before_contact,5,2.0959083338036395,True,False,46.25000000001056,/public/home/sunyihan/rpent_libero_eval/results/harness_v5/stove555_measurement10_original_20261006/probe_job4210/part1/libero_goal_t7_s1/off/before_contact/labels.json,f9a4196fdb355b1a94897eedad620b21b15b01691950f3700b9f5188e52df8cf,/public/home/sunyihan/rpent_libero_eval/results/harness_v5/stove555_measurement10_original_20261006/probe_job4210/part1/libero_goal_t7_s1/off/before_contact/public_measurements.json,2619775442724a51f446361ae5fd206bc352d74f3fbced4822ce1d2272f5ca67
libero_goal_t7_s1,off,pre_recovery,6,2.095860123785645,True,False,86.24999999998039,/public/home/sunyihan/rpent_libero_eval/results/harness_v5/stove555_measurement10_original_20261006/probe_job4210/part1/libero_goal_t7_s1/off/pre_recovery/labels.json,258c5bbafc7f53106ecc2e7b747f8f264b1dbc07933d9b770e729b728d66b105,/public/home/sunyihan/rpent_libero_eval/results/harness_v5/stove555_measurement10_original_20261006/probe_job4210/part1/libero_goal_t7_s1/off/pre_recovery/public_measurements.json,0a6595f5d0e6c1d24ece36c1790f9e302d33681b14cf77122be882c17b5e5d17
libero_goal_t7_s1,off,post_recovery,7,2.095860123785645,True,False,89.19999999997351,/public/home/sunyihan/rpent_libero_eval/results/harness_v5/stove555_measurement10_original_20261006/probe_job4210/part1/libero_goal_t7_s1/off/post_recovery/labels.json,ec5e7714d43c4c269dcc347e3779297af60491869f70b22ef6a01737b19078c6,/public/home/sunyihan/rpent_libero_eval/results/harness_v5/stove555_measurement10_original_20261006/probe_job4210/part1/libero_goal_t7_s1/off/post_recovery/public_measurements.json,6801ae29dff8f973e1a6bd8ae562a53213eb0611298d3564a42b25d8fad4bcfd
libero_goal_t7_s5,initial,pre_recovery,0,0.0,False,False,0.7500000000000006,/public/home/sunyihan/rpent_libero_eval/results/harness_v5/stove555_measurement10_original_20261006/probe_job4210/part1/libero_goal_t7_s5/initial/pre_recovery/labels.json,98c6e744e9946875a04dcee9b768c75954402953598e7f5c84fe5f9cc9e3e102,/public/home/sunyihan/rpent_libero_eval/results/harness_v5/stove555_measurement10_original_20261006/probe_job4210/part1/libero_goal_t7_s5/initial/pre_recovery/public_measurements.json,b5732bf23215eb1609377dffdd037537116d02a1d0a9b40b66315651280c8522
libero_goal_t7_s5,initial,post_recovery,1,0.0,False,False,1.7500000000000013,/public/home/sunyihan/rpent_libero_eval/results/harness_v5/stove555_measurement10_original_20261006/probe_job4210/part1/libero_goal_t7_s5/initial/post_recovery/labels.json,7b1cd52357c0d9f5fd8945ea0ffa82dfdfcc28bc3782463e4e39b72c601ad3b5,/public/home/sunyihan/rpent_libero_eval/results/harness_v5/stove555_measurement10_original_20261006/probe_job4210/part1/libero_goal_t7_s5/initial/post_recovery/public_measurements.json,47e54992454d29e340ab9f4cb35b7b160113e7ff802d3e5075d81f3f9afb0b33
libero_goal_t7_s5,on,before_contact,2,0.0,False,False,1.7500000000000013,/public/home/sunyihan/rpent_libero_eval/results/harness_v5/stove555_measurement10_original_20261006/probe_job4210/part1/libero_goal_t7_s5/on/before_contact/labels.json,2e6cc1e01e9bc4227c1c6d8e4bae6f1fee44b0ecd55d505500bfc89cbeade6ed,/public/home/sunyihan/rpent_libero_eval/results/harness_v5/stove555_measurement10_original_20261006/probe_job4210/part1/libero_goal_t7_s5/on/before_contact/public_measurements.json,e8dc1da6325f1a62435ccde760a50a206ce1a72cfb5407a9931a9e97ced82636
libero_goal_t7_s5,on,pre_recovery,3,2.1004891714585465,True,False,41.75000000000506,/public/home/sunyihan/rpent_libero_eval/results/harness_v5/stove555_measurement10_original_20261006/probe_job4210/part1/libero_goal_t7_s5/on/pre_recovery/labels.json,0e914e601ef341736d6d35335fddf886a0920ec5da18fcac9fa90e548b41b649,/public/home/sunyihan/rpent_libero_eval/results/harness_v5/stove555_measurement10_original_20261006/probe_job4210/part1/libero_goal_t7_s5/on/pre_recovery/public_measurements.json,b614598b9d1d5c7363f6a3b31f38df4d5667ef83b3ff57c42c72a418a425a734
libero_goal_t7_s5,on,post_recovery,4,2.0886344703333393,True,False,45.90000000001013,/public/home/sunyihan/rpent_libero_eval/results/harness_v5/stove555_measurement10_original_20261006/probe_job4210/part1/libero_goal_t7_s5/on/post_recovery/labels.json,23b2e4106bdfcfc945c970cc570a08495397a9ce96a9b15b266d1b8baa149829,/public/home/sunyihan/rpent_libero_eval/results/harness_v5/stove555_measurement10_original_20261006/probe_job4210/part1/libero_goal_t7_s5/on/post_recovery/public_measurements.json,e2a5fb9363068e7ef0fcef8e2d4478fed1e26dea51e47b393ae1cc85d921c52f
libero_goal_t7_s5,off,before_contact,5,2.0886344703333393,True,False,45.90000000001013,/public/home/sunyihan/rpent_libero_eval/results/harness_v5/stove555_measurement10_original_20261006/probe_job4210/part1/libero_goal_t7_s5/off/before_contact/labels.json,64fd0c1d163c814b65af68c0f55c395d18e00fb857fd601eb668e2a35c0316e0,/public/home/sunyihan/rpent_libero_eval/results/harness_v5/stove555_measurement10_original_20261006/probe_job4210/part1/libero_goal_t7_s5/off/before_contact/public_measurements.json,172cac361279686e0fea59a77b98ef65e983b5a1c35d837064e94e852699a61d
libero_goal_t7_s5,off,pre_recovery,6,1.9829592703164194,True,False,85.8999999999812,/public/home/sunyihan/rpent_libero_eval/results/harness_v5/stove555_measurement10_original_20261006/probe_job4210/part1/libero_goal_t7_s5/off/pre_recovery/labels.json,95237c78f4e0befd0b79183dcb95b989e9925ec60d90ed571f26bd25fbb60ff4,/public/home/sunyihan/rpent_libero_eval/results/harness_v5/stove555_measurement10_original_20261006/probe_job4210/part1/libero_goal_t7_s5/off/pre_recovery/public_measurements.json,b172777860d8c33929c9b3e5f282c32d8ac80d07bc28d36ec32fbe72ae40de37
libero_goal_t7_s5,off,post_recovery,7,1.9779050001768326,True,False,89.34999999997316,/public/home/sunyihan/rpent_libero_eval/results/harness_v5/stove555_measurement10_original_20261006/probe_job4210/part1/libero_goal_t7_s5/off/post_recovery/labels.json,921f56cf3146c69ef72af20026e3870fd9d7f73f497d0361e617bb62328f2a12,/public/home/sunyihan/rpent_libero_eval/results/harness_v5/stove555_measurement10_original_20261006/probe_job4210/part1/libero_goal_t7_s5/off/post_recovery/public_measurements.json,0de95f6cd108d9ce896086aa96fb77c856eecacccda18bd904df722f00f6c45a
libero_goal_t7_s9,initial,pre_recovery,0,0.0,False,False,0.7500000000000006,/public/home/sunyihan/rpent_libero_eval/results/harness_v5/stove555_measurement10_original_20261006/probe_job4210/part1/libero_goal_t7_s9/initial/pre_recovery/labels.json,98c6e744e9946875a04dcee9b768c75954402953598e7f5c84fe5f9cc9e3e102,/public/home/sunyihan/rpent_libero_eval/results/harness_v5/stove555_measurement10_original_20261006/probe_job4210/part1/libero_goal_t7_s9/initial/pre_recovery/public_measurements.json,2d05fc0f36b7c3676e460a0af1eaf78983a3b678e4696266242f0b00db91c54e
libero_goal_t7_s9,initial,post_recovery,1,0.0,False,False,1.7500000000000013,/public/home/sunyihan/rpent_libero_eval/results/harness_v5/stove555_measurement10_original_20261006/probe_job4210/part1/libero_goal_t7_s9/initial/post_recovery/labels.json,7b1cd52357c0d9f5fd8945ea0ffa82dfdfcc28bc3782463e4e39b72c601ad3b5,/public/home/sunyihan/rpent_libero_eval/results/harness_v5/stove555_measurement10_original_20261006/probe_job4210/part1/libero_goal_t7_s9/initial/post_recovery/public_measurements.json,7d61ef042b8cdd828af5f821c2da342bb1ef782a13eaf5ae4f482c086e97bc20
libero_goal_t7_s9,on,before_contact,2,0.0,False,False,1.7500000000000013,/public/home/sunyihan/rpent_libero_eval/results/harness_v5/stove555_measurement10_original_20261006/probe_job4210/part1/libero_goal_t7_s9/on/before_contact/labels.json,2e6cc1e01e9bc4227c1c6d8e4bae6f1fee44b0ecd55d505500bfc89cbeade6ed,/public/home/sunyihan/rpent_libero_eval/results/harness_v5/stove555_measurement10_original_20261006/probe_job4210/part1/libero_goal_t7_s9/on/before_contact/public_measurements.json,accae6e5f912362c10f0be14c91cd339aa435872d0b1bf93dc1c5633bd5bec57
libero_goal_t7_s9,on,pre_recovery,3,2.1002740876658597,True,False,41.75000000000506,/public/home/sunyihan/rpent_libero_eval/results/harness_v5/stove555_measurement10_original_20261006/probe_job4210/part1/libero_goal_t7_s9/on/pre_recovery/labels.json,63ef51693c0b01704632430b04f20ea46091a392926e3e2ddd95c049d1a71b18,/public/home/sunyihan/rpent_libero_eval/results/harness_v5/stove555_measurement10_original_20261006/probe_job4210/part1/libero_goal_t7_s9/on/pre_recovery/public_measurements.json,176972216b779f07887e82b7f802c3785e5f21b6f56b7c523cdc4b75495c388d
libero_goal_t7_s9,on,post_recovery,4,2.09205544143474,True,False,46.35000000001068,/public/home/sunyihan/rpent_libero_eval/results/harness_v5/stove555_measurement10_original_20261006/probe_job4210/part1/libero_goal_t7_s9/on/post_recovery/labels.json,bba61e2747ddbea1787e87499d1c2fb86d5b67bf40388ecceba56ec9c24dac3e,/public/home/sunyihan/rpent_libero_eval/results/harness_v5/stove555_measurement10_original_20261006/probe_job4210/part1/libero_goal_t7_s9/on/post_recovery/public_measurements.json,defaebc63e3104bf9703dd1efc47256a9704e07ae2bb9a20123c16defc26d18c
libero_goal_t7_s9,off,before_contact,5,2.09205544143474,True,False,46.35000000001068,/public/home/sunyihan/rpent_libero_eval/results/harness_v5/stove555_measurement10_original_20261006/probe_job4210/part1/libero_goal_t7_s9/off/before_contact/labels.json,b2e143fc4c239430d5995b830becb6269b4bf1a7a08d9ed5859597edde9351d8,/public/home/sunyihan/rpent_libero_eval/results/harness_v5/stove555_measurement10_original_20261006/probe_job4210/part1/libero_goal_t7_s9/off/before_contact/public_measurements.json,c1a2dbc637a85aa9e78bd4de9269cdbe48d1405aba53833337c091f811cad3da
libero_goal_t7_s9,off,pre_recovery,6,2.0400676683644092,True,False,86.34999999998016,/public/home/sunyihan/rpent_libero_eval/results/harness_v5/stove555_measurement10_original_20261006/probe_job4210/part1/libero_goal_t7_s9/off/pre_recovery/labels.json,b576775c0067a1fc666721f77ca217e7e9a7cd6bb4278f47f8a78d6cc3fc5c50,/public/home/sunyihan/rpent_libero_eval/results/harness_v5/stove555_measurement10_original_20261006/probe_job4210/part1/libero_goal_t7_s9/off/pre_recovery/public_measurements.json,2e53f597b520a208c839688f20a4038d973731f3570d8f4d383746eaf396fbfb
libero_goal_t7_s9,off,post_recovery,7,1.9946048078521652,True,False,89.34999999997316,/public/home/sunyihan/rpent_libero_eval/results/harness_v5/stove555_measurement10_original_20261006/probe_job4210/part1/libero_goal_t7_s9/off/post_recovery/labels.json,cf0222e186d769cb342be0ebfefda7c093484a3bdb776c3d2eccfde3fb926111,/public/home/sunyihan/rpent_libero_eval/results/harness_v5/stove555_measurement10_original_20261006/probe_job4210/part1/libero_goal_t7_s9/off/post_recovery/public_measurements.json,33b71385e7f7cae3d39b474d3aef068d1b95d2978012f11db372a63aff3bded1
libero_goal_t7_s2,initial,pre_recovery,0,0.0,False,False,0.7500000000000006,/public/home/sunyihan/rpent_libero_eval/results/harness_v5/stove555_measurement10_original_20261006/probe_job4210/part2/libero_goal_t7_s2/initial/pre_recovery/labels.json,98c6e744e9946875a04dcee9b768c75954402953598e7f5c84fe5f9cc9e3e102,/public/home/sunyihan/rpent_libero_eval/results/harness_v5/stove555_measurement10_original_20261006/probe_job4210/part2/libero_goal_t7_s2/initial/pre_recovery/public_measurements.json,94fbcaeef202eaac663b0cdc7f53909db06b1c1b2f6ab0c02a745cdc0911ecff
libero_goal_t7_s2,initial,post_recovery,1,0.0,False,False,1.7500000000000013,/public/home/sunyihan/rpent_libero_eval/results/harness_v5/stove555_measurement10_original_20261006/probe_job4210/part2/libero_goal_t7_s2/initial/post_recovery/labels.json,7b1cd52357c0d9f5fd8945ea0ffa82dfdfcc28bc3782463e4e39b72c601ad3b5,/public/home/sunyihan/rpent_libero_eval/results/harness_v5/stove555_measurement10_original_20261006/probe_job4210/part2/libero_goal_t7_s2/initial/post_recovery/public_measurements.json,dbde34a72f9e2f8328307764b1bc7dfad4a702c9d963ac0a944247e2338da36a
libero_goal_t7_s2,on,before_contact,2,0.0,False,False,1.7500000000000013,/public/home/sunyihan/rpent_libero_eval/results/harness_v5/stove555_measurement10_original_20261006/probe_job4210/part2/libero_goal_t7_s2/on/before_contact/labels.json,2e6cc1e01e9bc4227c1c6d8e4bae6f1fee44b0ecd55d505500bfc89cbeade6ed,/public/home/sunyihan/rpent_libero_eval/results/harness_v5/stove555_measurement10_original_20261006/probe_job4210/part2/libero_goal_t7_s2/on/before_contact/public_measurements.json,d66a639ce3b876612c0d3d22b72bfb5e3dc307918ccdfc67fda0a233b3c7af5a
libero_goal_t7_s2,on,pre_recovery,3,2.100389682478186,True,False,41.75000000000506,/public/home/sunyihan/rpent_libero_eval/results/harness_v5/stove555_measurement10_original_20261006/probe_job4210/part2/libero_goal_t7_s2/on/pre_recovery/labels.json,63b13d51749c37647d21c2cd7721edcbc1f0291347ec4822d1b08da80e076ad3,/public/home/sunyihan/rpent_libero_eval/results/harness_v5/stove555_measurement10_original_20261006/probe_job4210/part2/libero_goal_t7_s2/on/pre_recovery/public_measurements.json,917a0a86349b6df457b896a4dd23c0ba8185b0f21d899505ddd7abc84ba7c7ed
libero_goal_t7_s2,on,post_recovery,4,2.0984247018999542,True,False,45.10000000000915,/public/home/sunyihan/rpent_libero_eval/results/harness_v5/stove555_measurement10_original_20261006/probe_job4210/part2/libero_goal_t7_s2/on/post_recovery/labels.json,423ee355e21359bf66c179aeb6b10ab7caa63252869dbad20b882b2b0e5aea4f,/public/home/sunyihan/rpent_libero_eval/results/harness_v5/stove555_measurement10_original_20261006/probe_job4210/part2/libero_goal_t7_s2/on/post_recovery/public_measurements.json,9a11c774b210bfb1e3a8d9ab0f3d37613f65340a23036d75ec1ae62936fc8de0
libero_goal_t7_s2,off,before_contact,5,2.0984247018999542,True,False,45.10000000000915,/public/home/sunyihan/rpent_libero_eval/results/harness_v5/stove555_measurement10_original_20261006/probe_job4210/part2/libero_goal_t7_s2/off/before_contact/labels.json,ac6c6274f12a7288a9a4338b537d3033549b8026e745433becbed6d68f990f8f,/public/home/sunyihan/rpent_libero_eval/results/harness_v5/stove555_measurement10_original_20261006/probe_job4210/part2/libero_goal_t7_s2/off/before_contact/public_measurements.json,13f6ef08bedc56a903e547704f08cb03363a846f3e73f1ba6b793c0c0010b2af
libero_goal_t7_s2,off,pre_recovery,6,2.099978769343696,True,False,85.09999999998307,/public/home/sunyihan/rpent_libero_eval/results/harness_v5/stove555_measurement10_original_20261006/probe_job4210/part2/libero_goal_t7_s2/off/pre_recovery/labels.json,46675b1ae7a449bdd203a61a3ed0d0a61c01c975f4e9e45865b4acf3a9c2b5c0,/public/home/sunyihan/rpent_libero_eval/results/harness_v5/stove555_measurement10_original_20261006/probe_job4210/part2/libero_goal_t7_s2/off/pre_recovery/public_measurements.json,bbdff6c0d534a981b171d045cf295d4467e906a9be2e9784e9716fdcad086a7b
libero_goal_t7_s2,off,post_recovery,7,2.0999658486695236,True,False,88.6499999999748,/public/home/sunyihan/rpent_libero_eval/results/harness_v5/stove555_measurement10_original_20261006/probe_job4210/part2/libero_goal_t7_s2/off/post_recovery/labels.json,1100800482aaab1da39eab0ef816726aa034174560d7b2732634e93894d69796,/public/home/sunyihan/rpent_libero_eval/results/harness_v5/stove555_measurement10_original_20261006/probe_job4210/part2/libero_goal_t7_s2/off/post_recovery/public_measurements.json,4ecbf3a2fbffe0b94c49477f4d1f4224857be32db74cb5e98ff57918e8f0e908
libero_goal_t7_s6,initial,pre_recovery,0,0.0,False,False,0.7500000000000006,/public/home/sunyihan/rpent_libero_eval/results/harness_v5/stove555_measurement10_original_20261006/probe_job4210/part2/libero_goal_t7_s6/initial/pre_recovery/labels.json,98c6e744e9946875a04dcee9b768c75954402953598e7f5c84fe5f9cc9e3e102,/public/home/sunyihan/rpent_libero_eval/results/harness_v5/stove555_measurement10_original_20261006/probe_job4210/part2/libero_goal_t7_s6/initial/pre_recovery/public_measurements.json,986f49172134847b586b35eb18599bd2950884b154007d5c0fe92be294621f70
libero_goal_t7_s6,initial,post_recovery,1,0.0,False,False,1.7500000000000013,/public/home/sunyihan/rpent_libero_eval/results/harness_v5/stove555_measurement10_original_20261006/probe_job4210/part2/libero_goal_t7_s6/initial/post_recovery/labels.json,7b1cd52357c0d9f5fd8945ea0ffa82dfdfcc28bc3782463e4e39b72c601ad3b5,/public/home/sunyihan/rpent_libero_eval/results/harness_v5/stove555_measurement10_original_20261006/probe_job4210/part2/libero_goal_t7_s6/initial/post_recovery/public_measurements.json,dde99b0e1eb0b266a864fa4478d739aaec9c01d5b169961b839c92a3328a43f0
libero_goal_t7_s6,on,before_contact,2,0.0,False,False,1.7500000000000013,/public/home/sunyihan/rpent_libero_eval/results/harness_v5/stove555_measurement10_original_20261006/probe_job4210/part2/libero_goal_t7_s6/on/before_contact/labels.json,2e6cc1e01e9bc4227c1c6d8e4bae6f1fee44b0ecd55d505500bfc89cbeade6ed,/public/home/sunyihan/rpent_libero_eval/results/harness_v5/stove555_measurement10_original_20261006/probe_job4210/part2/libero_goal_t7_s6/on/before_contact/public_measurements.json,9669e918f6370f13fc81c3e13671ccc54cf29082ea40cc74cf4df425671229bb
libero_goal_t7_s6,on,pre_recovery,3,2.1004257524977965,True,False,41.75000000000506,/public/home/sunyihan/rpent_libero_eval/results/harness_v5/stove555_measurement10_original_20261006/probe_job4210/part2/libero_goal_t7_s6/on/pre_recovery/labels.json,75c804c377b61e1657ff1c2f6cb6fe8285bdc93dd3e36318b3ed697010f26b84,/public/home/sunyihan/rpent_libero_eval/results/harness_v5/stove555_measurement10_original_20261006/probe_job4210/part2/libero_goal_t7_s6/on/pre_recovery/public_measurements.json,8c169f6a962341617cd4cd2ef5bd5fef06373e02a944438a57718d186f180733
libero_goal_t7_s6,on,post_recovery,4,1.9285774762538748,True,False,45.90000000001013,/public/home/sunyihan/rpent_libero_eval/results/harness_v5/stove555_measurement10_original_20261006/probe_job4210/part2/libero_goal_t7_s6/on/post_recovery/labels.json,ada25e56b9786faeab6757973132d7b69daed0c4ccc3fc81815a131411c9f7d6,/public/home/sunyihan/rpent_libero_eval/results/harness_v5/stove555_measurement10_original_20261006/probe_job4210/part2/libero_goal_t7_s6/on/post_recovery/public_measurements.json,c69c842fdc2423563f871cedad2dbc87c583e59b952efba7b73715709a55a5cf
libero_goal_t7_s6,off,before_contact,5,1.9285774762538748,True,False,45.90000000001013,/public/home/sunyihan/rpent_libero_eval/results/harness_v5/stove555_measurement10_original_20261006/probe_job4210/part2/libero_goal_t7_s6/off/before_contact/labels.json,a870ccd779428d579fa207a76762e6d08d2132eccd233d1df10eb37a7d7b4851,/public/home/sunyihan/rpent_libero_eval/results/harness_v5/stove555_measurement10_original_20261006/probe_job4210/part2/libero_goal_t7_s6/off/before_contact/public_measurements.json,ffd2d04f94b9db12f6ea09af89435490e7b7818504c20573accc85b3eb3fc446
libero_goal_t7_s6,off,pre_recovery,6,1.4187773270826889,True,False,85.8999999999812,/public/home/sunyihan/rpent_libero_eval/results/harness_v5/stove555_measurement10_original_20261006/probe_job4210/part2/libero_goal_t7_s6/off/pre_recovery/labels.json,01dcc35162c673a0ac530111f56b1111326adef9f1951d29619c8f430e47682c,/public/home/sunyihan/rpent_libero_eval/results/harness_v5/stove555_measurement10_original_20261006/probe_job4210/part2/libero_goal_t7_s6/off/pre_recovery/public_measurements.json,68d5744d9d888e7415357e17a02d70df263e134b9b10fc2d4a1ee00571700fee
libero_goal_t7_s6,off,post_recovery,7,1.407550454806847,True,False,90.1499999999713,/public/home/sunyihan/rpent_libero_eval/results/harness_v5/stove555_measurement10_original_20261006/probe_job4210/part2/libero_goal_t7_s6/off/post_recovery/labels.json,d2f0f2244f5017a77d0d4c12e3a7a8edf9d00c6bf646e4dd7d474460c1f11320,/public/home/sunyihan/rpent_libero_eval/results/harness_v5/stove555_measurement10_original_20261006/probe_job4210/part2/libero_goal_t7_s6/off/post_recovery/public_measurements.json,e896c3de4ba8eb16b5d9523a2b305e27aecfbc871264cebfbb770fa9d0c72c6d
libero_goal_t7_s3,initial,pre_recovery,0,0.0,False,False,0.7500000000000006,/public/home/sunyihan/rpent_libero_eval/results/harness_v5/stove555_measurement10_original_20261006/probe_job4210/part3/libero_goal_t7_s3/initial/pre_recovery/labels.json,98c6e744e9946875a04dcee9b768c75954402953598e7f5c84fe5f9cc9e3e102,/public/home/sunyihan/rpent_libero_eval/results/harness_v5/stove555_measurement10_original_20261006/probe_job4210/part3/libero_goal_t7_s3/initial/pre_recovery/public_measurements.json,7a3642ca0ee8599c5b75e9309685f9d277df14a266fb8d93dbe26812eceed76b
libero_goal_t7_s3,initial,post_recovery,1,0.0,False,False,1.7500000000000013,/public/home/sunyihan/rpent_libero_eval/results/harness_v5/stove555_measurement10_original_20261006/probe_job4210/part3/libero_goal_t7_s3/initial/post_recovery/labels.json,7b1cd52357c0d9f5fd8945ea0ffa82dfdfcc28bc3782463e4e39b72c601ad3b5,/public/home/sunyihan/rpent_libero_eval/results/harness_v5/stove555_measurement10_original_20261006/probe_job4210/part3/libero_goal_t7_s3/initial/post_recovery/public_measurements.json,addb17d47efdabf07a5a2d4c7ca2c03776156031f667cf230ad5f3db04219305
libero_goal_t7_s3,on,before_contact,2,0.0,False,False,1.7500000000000013,/public/home/sunyihan/rpent_libero_eval/results/harness_v5/stove555_measurement10_original_20261006/probe_job4210/part3/libero_goal_t7_s3/on/before_contact/labels.json,2e6cc1e01e9bc4227c1c6d8e4bae6f1fee44b0ecd55d505500bfc89cbeade6ed,/public/home/sunyihan/rpent_libero_eval/results/harness_v5/stove555_measurement10_original_20261006/probe_job4210/part3/libero_goal_t7_s3/on/before_contact/public_measurements.json,c5c58f2010912386a3f2ef35a257db6a8c21048a5fdf0cd0a163b726b4af3229
libero_goal_t7_s3,on,pre_recovery,3,2.100425645400706,True,False,41.75000000000506,/public/home/sunyihan/rpent_libero_eval/results/harness_v5/stove555_measurement10_original_20261006/probe_job4210/part3/libero_goal_t7_s3/on/pre_recovery/labels.json,bb188c705b5c2a6c3ded6bc4783d6e97dd6e5d96e2422a6b37d7a4f0fd18c7d2,/public/home/sunyihan/rpent_libero_eval/results/harness_v5/stove555_measurement10_original_20261006/probe_job4210/part3/libero_goal_t7_s3/on/pre_recovery/public_measurements.json,f5b51d816c6c99a3f09bd64e6a19f82f695699e713a1e794243924989c67f6bc
libero_goal_t7_s3,on,post_recovery,4,2.098578931996701,True,False,44.80000000000879,/public/home/sunyihan/rpent_libero_eval/results/harness_v5/stove555_measurement10_original_20261006/probe_job4210/part3/libero_goal_t7_s3/on/post_recovery/labels.json,87178c0d3c9d2c7969366ff225abec1754ef6d34adf308a85f55faefe91a5ed1,/public/home/sunyihan/rpent_libero_eval/results/harness_v5/stove555_measurement10_original_20261006/probe_job4210/part3/libero_goal_t7_s3/on/post_recovery/public_measurements.json,5b1c69864eb64a6c2b305cdd7a2e5d3e5e53eef7f72ba678145c8b057a386996
libero_goal_t7_s3,off,before_contact,5,2.098578931996701,True,False,44.80000000000879,/public/home/sunyihan/rpent_libero_eval/results/harness_v5/stove555_measurement10_original_20261006/probe_job4210/part3/libero_goal_t7_s3/off/before_contact/labels.json,f286c3a476043900fa92f3c93d0c1f011b78936ac555ec47e285b7d8848594c2,/public/home/sunyihan/rpent_libero_eval/results/harness_v5/stove555_measurement10_original_20261006/probe_job4210/part3/libero_goal_t7_s3/off/before_contact/public_measurements.json,e05ad54391d26468bfe3e2b7131f5515b1d22d2581779494a85016ccb854d39a
libero_goal_t7_s3,off,pre_recovery,6,2.0984797529128323,True,False,84.79999999998377,/public/home/sunyihan/rpent_libero_eval/results/harness_v5/stove555_measurement10_original_20261006/probe_job4210/part3/libero_goal_t7_s3/off/pre_recovery/labels.json,6c82398de16c8f72c9d96664d33538cd396f670bbf46726cee005f67aadd4348,/public/home/sunyihan/rpent_libero_eval/results/harness_v5/stove555_measurement10_original_20261006/probe_job4210/part3/libero_goal_t7_s3/off/pre_recovery/public_measurements.json,b85ff4f2bb4f61871fc6f76276369b46ea428f33a799b4140ed214b6e53d3fdd
libero_goal_t7_s3,off,post_recovery,7,2.0984797529128323,True,False,87.49999999997748,/public/home/sunyihan/rpent_libero_eval/results/harness_v5/stove555_measurement10_original_20261006/probe_job4210/part3/libero_goal_t7_s3/off/post_recovery/labels.json,34b5c5132621171b8c0545643a020d59e8d5306d485a0ed2c6f7e7db30d02d36,/public/home/sunyihan/rpent_libero_eval/results/harness_v5/stove555_measurement10_original_20261006/probe_job4210/part3/libero_goal_t7_s3/off/post_recovery/public_measurements.json,5d2d253f522a2d20dabf84cf34de4485b143c9f46225b37bc699708c8b602b31
libero_goal_t7_s7,initial,pre_recovery,0,0.0,False,False,0.7500000000000006,/public/home/sunyihan/rpent_libero_eval/results/harness_v5/stove555_measurement10_original_20261006/probe_job4210/part3/libero_goal_t7_s7/initial/pre_recovery/labels.json,98c6e744e9946875a04dcee9b768c75954402953598e7f5c84fe5f9cc9e3e102,/public/home/sunyihan/rpent_libero_eval/results/harness_v5/stove555_measurement10_original_20261006/probe_job4210/part3/libero_goal_t7_s7/initial/pre_recovery/public_measurements.json,c57f9881745c7e491c30c0bd7f7959d261f6e2b24b9903993ebc938a1593cc8f
libero_goal_t7_s7,initial,post_recovery,1,0.0,False,False,1.7500000000000013,/public/home/sunyihan/rpent_libero_eval/results/harness_v5/stove555_measurement10_original_20261006/probe_job4210/part3/libero_goal_t7_s7/initial/post_recovery/labels.json,7b1cd52357c0d9f5fd8945ea0ffa82dfdfcc28bc3782463e4e39b72c601ad3b5,/public/home/sunyihan/rpent_libero_eval/results/harness_v5/stove555_measurement10_original_20261006/probe_job4210/part3/libero_goal_t7_s7/initial/post_recovery/public_measurements.json,31a718c8f5901a89c75c94dacac3dad0076a350cae311ce65ab93381a325f2f1
libero_goal_t7_s7,on,before_contact,2,0.0,False,False,1.7500000000000013,/public/home/sunyihan/rpent_libero_eval/results/harness_v5/stove555_measurement10_original_20261006/probe_job4210/part3/libero_goal_t7_s7/on/before_contact/labels.json,2e6cc1e01e9bc4227c1c6d8e4bae6f1fee44b0ecd55d505500bfc89cbeade6ed,/public/home/sunyihan/rpent_libero_eval/results/harness_v5/stove555_measurement10_original_20261006/probe_job4210/part3/libero_goal_t7_s7/on/before_contact/public_measurements.json,8bdce4c84252726d2cbf6ca52b26e61858b5f32261905b5064ee4489506f368c
libero_goal_t7_s7,on,pre_recovery,3,2.1000205520264235,True,False,41.75000000000506,/public/home/sunyihan/rpent_libero_eval/results/harness_v5/stove555_measurement10_original_20261006/probe_job4210/part3/libero_goal_t7_s7/on/pre_recovery/labels.json,4e9d2bbd9b7c3133d3465b092d503c0aab1719af508d96264621932d67f7f4e1,/public/home/sunyihan/rpent_libero_eval/results/harness_v5/stove555_measurement10_original_20261006/probe_job4210/part3/libero_goal_t7_s7/on/pre_recovery/public_measurements.json,ece474d8302c642cd58705f7a2a638b376452d13bdfdcb713d8ac157f944103c
libero_goal_t7_s7,on,post_recovery,4,1.9508155691339073,True,False,46.050000000010314,/public/home/sunyihan/rpent_libero_eval/results/harness_v5/stove555_measurement10_original_20261006/probe_job4210/part3/libero_goal_t7_s7/on/post_recovery/labels.json,f234fbf8e3705a3508749b560319c5c25b9596e8ad07df7717e486cfee4491b1,/public/home/sunyihan/rpent_libero_eval/results/harness_v5/stove555_measurement10_original_20261006/probe_job4210/part3/libero_goal_t7_s7/on/post_recovery/public_measurements.json,786e3993e0300aa682a1365c1f051faf0b85ecb024c95e80319cca60cde65e3c
libero_goal_t7_s7,off,before_contact,5,1.9508155691339073,True,False,46.050000000010314,/public/home/sunyihan/rpent_libero_eval/results/harness_v5/stove555_measurement10_original_20261006/probe_job4210/part3/libero_goal_t7_s7/off/before_contact/labels.json,077d6ad0ae8839e488ebdfd416807c4d8dae4f8a5da441978edac4e4d183f4ea,/public/home/sunyihan/rpent_libero_eval/results/harness_v5/stove555_measurement10_original_20261006/probe_job4210/part3/libero_goal_t7_s7/off/before_contact/public_measurements.json,1f19414a03a4f17f413b1245e55fcb89363846c244410da5e25a3da5d7bf3067
libero_goal_t7_s7,off,pre_recovery,6,2.085756115390643,True,False,86.04999999998086,/public/home/sunyihan/rpent_libero_eval/results/harness_v5/stove555_measurement10_original_20261006/probe_job4210/part3/libero_goal_t7_s7/off/pre_recovery/labels.json,e683e5e132bccc4232673fee877b78aaa69565edf35a57f1ce3317f2210ce9fe,/public/home/sunyihan/rpent_libero_eval/results/harness_v5/stove555_measurement10_original_20261006/probe_job4210/part3/libero_goal_t7_s7/off/pre_recovery/public_measurements.json,7ab256f21061071de6d5f7121afeba8ba54fd8eb8f7c67cc1eaba0863ceacbff
libero_goal_t7_s7,off,post_recovery,7,2.085758982572936,True,False,88.9499999999741,/public/home/sunyihan/rpent_libero_eval/results/harness_v5/stove555_measurement10_original_20261006/probe_job4210/part3/libero_goal_t7_s7/off/post_recovery/labels.json,a64f83f1083f47e47d8fd2ab7052c196d67f40dc5d763a82409ae4d9f8314d78,/public/home/sunyihan/rpent_libero_eval/results/harness_v5/stove555_measurement10_original_20261006/probe_job4210/part3/libero_goal_t7_s7/off/post_recovery/public_measurements.json,b2b5969e7d609158fa26d6be7721fe7c4d9c027c6ddb4ca46916d3cf00f648a9
