frame,source_step,private_q_rad,true_on,true_off,component_count64,unique_supported_base64,candidate_angle_deg,endpoint_state,scope
libero_goal_t7_s0_on_before_contact_agentview,2,0.0,False,False,1,True,178.37119350010838,unmeasured,private_scoring_only_not_runtime_or_training
libero_goal_t7_s0_on_before_contact_wrist,2,0.0,False,False,0,False,,unmeasured,private_scoring_only_not_runtime_or_training
libero_goal_t7_s0_on_pre_recovery_agentview,3,2.10021508190376,True,False,1,False,,unmeasured,private_scoring_only_not_runtime_or_training
libero_goal_t7_s0_on_pre_recovery_wrist,3,2.10021508190376,True,False,1,False,,unmeasured,private_scoring_only_not_runtime_or_training
libero_goal_t7_s0_on_post_recovery_agentview,4,1.915748355909459,True,False,1,True,-72.97030372978838,unmeasured,private_scoring_only_not_runtime_or_training
libero_goal_t7_s0_on_post_recovery_wrist,4,1.915748355909459,True,False,1,False,,unmeasured,private_scoring_only_not_runtime_or_training
libero_goal_t7_s0_off_pre_recovery_agentview,6,1.4863324126502353,True,False,2,False,,unmeasured,private_scoring_only_not_runtime_or_training
libero_goal_t7_s0_off_pre_recovery_wrist,6,1.4863324126502353,True,False,4,False,,unmeasured,private_scoring_only_not_runtime_or_training
libero_goal_t7_s0_off_post_recovery_agentview,7,1.4863322409152455,True,False,1,True,-96.32613975898067,unmeasured,private_scoring_only_not_runtime_or_training
libero_goal_t7_s0_off_post_recovery_wrist,7,1.4863322409152455,True,False,1,True,-96.86205785515595,unmeasured,private_scoring_only_not_runtime_or_training
libero_goal_t7_s1_on_before_contact_agentview,2,0.0,False,False,2,False,,unmeasured,private_scoring_only_not_runtime_or_training
libero_goal_t7_s1_on_before_contact_wrist,2,0.0,False,False,3,False,,unmeasured,private_scoring_only_not_runtime_or_training
libero_goal_t7_s1_on_pre_recovery_agentview,3,2.100347516067751,True,False,3,False,,unmeasured,private_scoring_only_not_runtime_or_training
libero_goal_t7_s1_on_pre_recovery_wrist,3,2.100347516067751,True,False,0,False,,unmeasured,private_scoring_only_not_runtime_or_training
libero_goal_t7_s1_on_post_recovery_agentview,4,2.0959083338036395,True,False,2,False,,unmeasured,private_scoring_only_not_runtime_or_training
libero_goal_t7_s1_on_post_recovery_wrist,4,2.0959083338036395,True,False,0,False,,unmeasured,private_scoring_only_not_runtime_or_training
libero_goal_t7_s1_off_pre_recovery_agentview,6,2.095860123785645,True,False,3,False,,unmeasured,private_scoring_only_not_runtime_or_training
libero_goal_t7_s1_off_pre_recovery_wrist,6,2.095860123785645,True,False,2,False,,unmeasured,private_scoring_only_not_runtime_or_training
libero_goal_t7_s1_off_post_recovery_agentview,7,2.095860123785645,True,False,2,False,,unmeasured,private_scoring_only_not_runtime_or_training
libero_goal_t7_s1_off_post_recovery_wrist,7,2.095860123785645,True,False,1,False,,unmeasured,private_scoring_only_not_runtime_or_training
libero_goal_t7_s2_on_before_contact_agentview,2,0.0,False,False,1,True,178.470066780705,unmeasured,private_scoring_only_not_runtime_or_training
libero_goal_t7_s2_on_before_contact_wrist,2,0.0,False,False,1,False,,unmeasured,private_scoring_only_not_runtime_or_training
libero_goal_t7_s2_on_pre_recovery_agentview,3,2.100389682478186,True,False,4,False,,unmeasured,private_scoring_only_not_runtime_or_training
libero_goal_t7_s2_on_pre_recovery_wrist,3,2.100389682478186,True,False,0,False,,unmeasured,private_scoring_only_not_runtime_or_training
libero_goal_t7_s2_on_post_recovery_agentview,4,2.0984247018999542,True,False,1,True,,unmeasured,private_scoring_only_not_runtime_or_training
libero_goal_t7_s2_on_post_recovery_wrist,4,2.0984247018999542,True,False,1,True,,unmeasured,private_scoring_only_not_runtime_or_training
libero_goal_t7_s2_off_pre_recovery_agentview,6,2.099978769343696,True,False,0,False,,unmeasured,private_scoring_only_not_runtime_or_training
libero_goal_t7_s2_off_pre_recovery_wrist,6,2.099978769343696,True,False,0,False,,unmeasured,private_scoring_only_not_runtime_or_training
libero_goal_t7_s2_off_post_recovery_agentview,7,2.0999658486695236,True,False,1,True,,unmeasured,private_scoring_only_not_runtime_or_training
libero_goal_t7_s2_off_post_recovery_wrist,7,2.0999658486695236,True,False,1,False,,unmeasured,private_scoring_only_not_runtime_or_training
libero_goal_t7_s3_on_before_contact_agentview,2,0.0,False,False,1,True,178.3711470807931,unmeasured,private_scoring_only_not_runtime_or_training
libero_goal_t7_s3_on_before_contact_wrist,2,0.0,False,False,1,False,,unmeasured,private_scoring_only_not_runtime_or_training
libero_goal_t7_s3_on_pre_recovery_agentview,3,2.100425645400706,True,False,1,False,,unmeasured,private_scoring_only_not_runtime_or_training
libero_goal_t7_s3_on_pre_recovery_wrist,3,2.100425645400706,True,False,1,False,,unmeasured,private_scoring_only_not_runtime_or_training
libero_goal_t7_s3_on_post_recovery_agentview,4,2.098578931996701,True,False,1,True,-62.38580603636606,unmeasured,private_scoring_only_not_runtime_or_training
libero_goal_t7_s3_on_post_recovery_wrist,4,2.098578931996701,True,False,1,True,-62.22870466843575,unmeasured,private_scoring_only_not_runtime_or_training
libero_goal_t7_s3_off_pre_recovery_agentview,6,2.0984797529128323,True,False,5,False,,unmeasured,private_scoring_only_not_runtime_or_training
libero_goal_t7_s3_off_pre_recovery_wrist,6,2.0984797529128323,True,False,11,False,,unmeasured,private_scoring_only_not_runtime_or_training
libero_goal_t7_s3_off_post_recovery_agentview,7,2.0984797529128323,True,False,1,True,-62.38697974686814,unmeasured,private_scoring_only_not_runtime_or_training
libero_goal_t7_s3_off_post_recovery_wrist,7,2.0984797529128323,True,False,1,True,-62.31597362649554,unmeasured,private_scoring_only_not_runtime_or_training
libero_goal_t7_s4_on_before_contact_agentview,2,0.0,False,False,1,True,177.37768805807485,unmeasured,private_scoring_only_not_runtime_or_training
libero_goal_t7_s4_on_before_contact_wrist,2,0.0,False,False,1,False,,unmeasured,private_scoring_only_not_runtime_or_training
libero_goal_t7_s4_on_pre_recovery_agentview,3,2.100339322832089,True,False,4,False,,unmeasured,private_scoring_only_not_runtime_or_training
libero_goal_t7_s4_on_pre_recovery_wrist,3,2.100339322832089,True,False,0,False,,unmeasured,private_scoring_only_not_runtime_or_training
libero_goal_t7_s4_on_post_recovery_agentview,4,2.0016848571866146,True,False,1,True,-69.0060049078058,unmeasured,private_scoring_only_not_runtime_or_training
libero_goal_t7_s4_on_post_recovery_wrist,4,2.0016848571866146,True,False,1,False,,unmeasured,private_scoring_only_not_runtime_or_training
libero_goal_t7_s4_off_pre_recovery_agentview,6,1.8853724751300311,True,False,1,True,97.45772851435076,unmeasured,private_scoring_only_not_runtime_or_training
libero_goal_t7_s4_off_pre_recovery_wrist,6,1.8853724751300311,True,False,1,False,,unmeasured,private_scoring_only_not_runtime_or_training
libero_goal_t7_s4_off_post_recovery_agentview,7,1.8853754426220697,True,False,1,True,-74.37180165438345,unmeasured,private_scoring_only_not_runtime_or_training
libero_goal_t7_s4_off_post_recovery_wrist,7,1.8853754426220697,True,False,0,False,,unmeasured,private_scoring_only_not_runtime_or_training
libero_goal_t7_s5_on_before_contact_agentview,2,0.0,False,False,1,True,178.60572365565122,unmeasured,private_scoring_only_not_runtime_or_training
libero_goal_t7_s5_on_before_contact_wrist,2,0.0,False,False,0,False,,unmeasured,private_scoring_only_not_runtime_or_training
libero_goal_t7_s5_on_pre_recovery_agentview,3,2.1004891714585465,True,False,1,False,,unmeasured,private_scoring_only_not_runtime_or_training
libero_goal_t7_s5_on_pre_recovery_wrist,3,2.1004891714585465,True,False,1,True,,unmeasured,private_scoring_only_not_runtime_or_training
libero_goal_t7_s5_on_post_recovery_agentview,4,2.0886344703333393,True,False,1,True,-64.09977941339731,unmeasured,private_scoring_only_not_runtime_or_training
libero_goal_t7_s5_on_post_recovery_wrist,4,2.0886344703333393,True,False,0,False,,unmeasured,private_scoring_only_not_runtime_or_training
libero_goal_t7_s5_off_pre_recovery_agentview,6,1.9829592703164194,True,False,2,False,,unmeasured,private_scoring_only_not_runtime_or_training
libero_goal_t7_s5_off_pre_recovery_wrist,6,1.9829592703164194,True,False,3,False,,unmeasured,private_scoring_only_not_runtime_or_training
libero_goal_t7_s5_off_post_recovery_agentview,7,1.9779050001768326,True,False,1,False,,unmeasured,private_scoring_only_not_runtime_or_training
libero_goal_t7_s5_off_post_recovery_wrist,7,1.9779050001768326,True,False,1,True,-68.50318199111993,unmeasured,private_scoring_only_not_runtime_or_training
libero_goal_t7_s6_on_before_contact_agentview,2,0.0,False,False,2,False,,unmeasured,private_scoring_only_not_runtime_or_training
libero_goal_t7_s6_on_before_contact_wrist,2,0.0,False,False,4,False,,unmeasured,private_scoring_only_not_runtime_or_training
libero_goal_t7_s6_on_pre_recovery_agentview,3,2.1004257524977965,True,False,2,False,,unmeasured,private_scoring_only_not_runtime_or_training
libero_goal_t7_s6_on_pre_recovery_wrist,3,2.1004257524977965,True,False,1,False,,unmeasured,private_scoring_only_not_runtime_or_training
libero_goal_t7_s6_on_post_recovery_agentview,4,1.9285774762538748,True,False,2,False,,unmeasured,private_scoring_only_not_runtime_or_training
libero_goal_t7_s6_on_post_recovery_wrist,4,1.9285774762538748,True,False,2,False,,unmeasured,private_scoring_only_not_runtime_or_training
libero_goal_t7_s6_off_pre_recovery_agentview,6,1.4187773270826889,True,False,4,False,,unmeasured,private_scoring_only_not_runtime_or_training
libero_goal_t7_s6_off_pre_recovery_wrist,6,1.4187773270826889,True,False,1,False,,unmeasured,private_scoring_only_not_runtime_or_training
libero_goal_t7_s6_off_post_recovery_agentview,7,1.407550454806847,True,False,2,False,,unmeasured,private_scoring_only_not_runtime_or_training
libero_goal_t7_s6_off_post_recovery_wrist,7,1.407550454806847,True,False,1,False,,unmeasured,private_scoring_only_not_runtime_or_training
libero_goal_t7_s7_on_before_contact_agentview,2,0.0,False,False,1,True,177.654914031434,unmeasured,private_scoring_only_not_runtime_or_training
libero_goal_t7_s7_on_before_contact_wrist,2,0.0,False,False,0,False,,unmeasured,private_scoring_only_not_runtime_or_training
libero_goal_t7_s7_on_pre_recovery_agentview,3,2.1000205520264235,True,False,2,False,,unmeasured,private_scoring_only_not_runtime_or_training
libero_goal_t7_s7_on_pre_recovery_wrist,3,2.1000205520264235,True,False,1,False,,unmeasured,private_scoring_only_not_runtime_or_training
libero_goal_t7_s7_on_post_recovery_agentview,4,1.9508155691339073,True,False,1,True,,unmeasured,private_scoring_only_not_runtime_or_training
libero_goal_t7_s7_on_post_recovery_wrist,4,1.9508155691339073,True,False,1,False,,unmeasured,private_scoring_only_not_runtime_or_training
libero_goal_t7_s7_off_pre_recovery_agentview,6,2.085756115390643,True,False,1,True,,unmeasured,private_scoring_only_not_runtime_or_training
libero_goal_t7_s7_off_pre_recovery_wrist,6,2.085756115390643,True,False,2,False,,unmeasured,private_scoring_only_not_runtime_or_training
libero_goal_t7_s7_off_post_recovery_agentview,7,2.085758982572936,True,False,1,True,-62.98250106738615,unmeasured,private_scoring_only_not_runtime_or_training
libero_goal_t7_s7_off_post_recovery_wrist,7,2.085758982572936,True,False,1,True,-62.830280283627374,unmeasured,private_scoring_only_not_runtime_or_training
libero_goal_t7_s8_on_before_contact_agentview,2,0.0,False,False,2,False,,unmeasured,private_scoring_only_not_runtime_or_training
libero_goal_t7_s8_on_before_contact_wrist,2,0.0,False,False,1,False,,unmeasured,private_scoring_only_not_runtime_or_training
libero_goal_t7_s8_on_pre_recovery_agentview,3,2.1000586115052213,True,False,3,False,,unmeasured,private_scoring_only_not_runtime_or_training
libero_goal_t7_s8_on_pre_recovery_wrist,3,2.1000586115052213,True,False,1,True,,unmeasured,private_scoring_only_not_runtime_or_training
libero_goal_t7_s8_on_post_recovery_agentview,4,2.0989612750073365,True,False,2,False,,unmeasured,private_scoring_only_not_runtime_or_training
libero_goal_t7_s8_on_post_recovery_wrist,4,2.0989612750073365,True,False,6,False,,unmeasured,private_scoring_only_not_runtime_or_training
libero_goal_t7_s8_off_pre_recovery_agentview,6,2.0988312245428205,True,False,3,False,,unmeasured,private_scoring_only_not_runtime_or_training
libero_goal_t7_s8_off_pre_recovery_wrist,6,2.0988312245428205,True,False,10,False,,unmeasured,private_scoring_only_not_runtime_or_training
libero_goal_t7_s8_off_post_recovery_agentview,7,2.0988312245428205,True,False,2,False,,unmeasured,private_scoring_only_not_runtime_or_training
libero_goal_t7_s8_off_post_recovery_wrist,7,2.0988312245428205,True,False,1,True,-62.26080243599435,unmeasured,private_scoring_only_not_runtime_or_training
libero_goal_t7_s9_on_before_contact_agentview,2,0.0,False,False,2,False,,unmeasured,private_scoring_only_not_runtime_or_training
libero_goal_t7_s9_on_before_contact_wrist,2,0.0,False,False,4,False,,unmeasured,private_scoring_only_not_runtime_or_training
libero_goal_t7_s9_on_pre_recovery_agentview,3,2.1002740876658597,True,False,1,True,,unmeasured,private_scoring_only_not_runtime_or_training
libero_goal_t7_s9_on_pre_recovery_wrist,3,2.1002740876658597,True,False,1,False,,unmeasured,private_scoring_only_not_runtime_or_training
libero_goal_t7_s9_on_post_recovery_agentview,4,2.09205544143474,True,False,1,True,,unmeasured,private_scoring_only_not_runtime_or_training
libero_goal_t7_s9_on_post_recovery_wrist,4,2.09205544143474,True,False,0,False,,unmeasured,private_scoring_only_not_runtime_or_training
libero_goal_t7_s9_off_pre_recovery_agentview,6,2.0400676683644092,True,False,3,False,,unmeasured,private_scoring_only_not_runtime_or_training
libero_goal_t7_s9_off_pre_recovery_wrist,6,2.0400676683644092,True,False,5,False,,unmeasured,private_scoring_only_not_runtime_or_training
libero_goal_t7_s9_off_post_recovery_agentview,7,1.9946048078521652,True,False,1,True,,unmeasured,private_scoring_only_not_runtime_or_training
libero_goal_t7_s9_off_post_recovery_wrist,7,1.9946048078521652,True,False,1,False,,unmeasured,private_scoring_only_not_runtime_or_training
