case	type	fresh_after	original_runtime_geometry_category	off_geometry_known	v7_geometry_known	off_reason	v7_reason	off_signed_m	v7_signed_m	frame_drift_m	frame_angle_deg	frame_stability_claimable_from_fresh_pair
drawer565_drawer_open_libero90_t6_s10_r0_native_depth_v5_160	drawer_open	True	missing_after_moving	False	False	moving_face_or_static_frame_not_measured	moving_face_or_static_frame_not_measured			0.0003844615471529766	0.11088685147250191	True
drawer565_drawer_open_libero90_t8_s30_r0_native_depth_v5_160	drawer_open	True	measured_endpoint_result	True	True			0.15972900390625	0.15972900390625	0.00010204896033882544	0.031290567446555964	True
drawer565_drawer_close_libero90_t23_s10_r0_native_depth_v5_160	drawer_close	True	measured_endpoint_result	True	False		moving_face_or_static_frame_not_measured	0.0003662109375		0.00019637719928603103	0.1704261966010089	True
drawer565_drawer_open_libero90_t6_s20_r0_native_depth_v5_160	drawer_open	True	measured_endpoint_result	True	True			0.159912109375	0.159912109375	0.0002479234489696665	0.11789811005500428	True
drawer565_drawer_open_libero90_t11_s10_r0_native_depth_v5_160	drawer_open	True	measured_endpoint_result	True	True			0.1597900390625	0.1597900390625	2.244472571201354e-05	0.035666702311787944	True
drawer565_drawer_close_libero90_t23_s20_r0_native_depth_v5_160	drawer_close	True	missing_after_moving	False	False	moving_face_or_static_frame_not_measured	moving_face_or_static_frame_not_measured			0.0003195575988561534	0.3295247245310816	True
drawer565_drawer_open_libero90_t6_s30_r0_native_depth_v5_160	drawer_open	True	measured_endpoint_result	True	True			0.15997314453125	0.15997314453125	0.0005375296453166577	0.11386492416970286	True
drawer565_drawer_close_libero90_t0_s10_r0_native_depth_v5_160	drawer_close	True	measured_endpoint_result	True	True			-0.00146484375	-0.00146484375	0.0008944329970941734	0.26618732548743174	True
drawer565_drawer_close_libero90_t23_s30_r0_native_depth_v5_160	drawer_close	True	measured_endpoint_result	True	True			-0.00146484375	-0.00146484375	0.0006090592721141366	0.06738225921146102	True
drawer565_drawer_open_libero90_t7_s10_r0_native_depth_v5_160	drawer_open	True	measured_endpoint_result	True	True			0.10113525390625	0.10113525390625	0.00012942153893437015	0.20253195694540116	True
drawer565_drawer_close_libero90_t0_s20_r0_native_depth_v5_160	drawer_close	True	measured_reference_frame_not_stable	False	False	reference_frame_not_stable	reference_frame_not_stable	-0.00146484375	-0.00146484375	0.15237717066846987	0.5613434029783917	False
drawer565_drawer_close_libero90_t28_s10_r0_native_depth_v5_160	drawer_close	False	metrology_not_run_waypoint_not_reached	False	False	no_distinct_after_measurement	no_distinct_after_measurement	0.14984130859375	0.14984130859375	0.0	0.0	False
drawer565_drawer_open_libero90_t7_s20_r0_native_depth_v5_160	drawer_open	True	measured_endpoint_result	True	True			0.159576416015625	0.159576416015625	8.994960479469905e-05	0.027420836693567714	True
drawer565_drawer_close_libero90_t0_s30_r0_native_depth_v5_160	drawer_close	True	measured_endpoint_result	True	True			-0.00146484375	-0.00146484375	0.00012022419910595174	0.08801979271997336	True
drawer565_drawer_open_libero90_t7_s30_r0_native_depth_v5_160	drawer_open	True	measured_endpoint_result	True	True			0.15802001953125	0.15802001953125	0.00017013405918844913	0.023261650444847348	True
drawer565_drawer_close_libero90_t22_s10_r0_native_depth_v5_160	drawer_close	True	missing_after_moving	False	False	moving_face_or_static_frame_not_measured	moving_face_or_static_frame_not_measured			0.0019275936134448986	0.28046690242261907	True
drawer565_drawer_open_libero90_t8_s10_r0_native_depth_v5_160	drawer_open	True	measured_endpoint_result	True	True			-0.0013427734375	-0.001220703125	0.00036365601338147276	0.30480086685837293	True
drawer565_drawer_close_libero90_t22_s20_r0_native_depth_v5_160	drawer_close	True	measured_endpoint_result	True	True			0.0711669921875	0.0711669921875	6.822965420958979e-06	0.3368437851387018	True
drawer565_drawer_open_libero90_t8_s20_r0_native_depth_v5_160	drawer_open	True	measured_endpoint_result	True	True			0.1636962890625	0.1636962890625	0.004605158008028899	0.5512423337011363	True
drawer565_drawer_close_libero90_t22_s30_r0_native_depth_v5_160	drawer_close	False	metrology_not_run_waypoint_not_reached	False	False	no_distinct_after_measurement	no_distinct_after_measurement	0.15191650390625	0.15191650390625	0.0	0.0	False
