case	type	actual_vla_chunks	actual_executed_controls	every_chunk_complete5	public_contact_stop	stop_already_strict_endpoint_false	recovery_first_endpoint_loss_phase	private_stop	private_release	private_clearance	private_retreat	private_final	public_final
drawer565_drawer_open_libero90_t6_s10_r0_native_clearance_v8_160	drawer_open	35	175	True	True	False		True	True	True	True	True	True
drawer565_drawer_open_libero90_t8_s30_r0_native_clearance_v8_160	drawer_open	25	125	True	True	False		True	True	True	True	True	True
drawer565_drawer_close_libero90_t23_s10_r0_native_clearance_v8_160	drawer_close	30	150	True	True	False		True	True	True	True	True	True
drawer565_drawer_open_libero90_t6_s20_r0_native_clearance_v8_160	drawer_open	35	175	True	True	False		True	True	True	True	True	True
drawer565_drawer_open_libero90_t11_s10_r0_native_clearance_v8_160	drawer_open	15	75	True	True	False		True	True	True	True	True	True
drawer565_drawer_close_libero90_t23_s20_r0_native_clearance_v8_160	drawer_close	10	50	True	True	True		False	False	False	False	False	False
drawer565_drawer_open_libero90_t6_s30_r0_native_clearance_v8_160	drawer_open	35	175	True	True	False		True	True	True	True	True	True
drawer565_drawer_close_libero90_t0_s10_r0_native_clearance_v8_160	drawer_close	20	100	True	True	False		True	True	True	True	True	True
drawer565_drawer_close_libero90_t23_s30_r0_native_clearance_v8_160	drawer_close	30	150	True	True	False		True	True	True	True	True	True
drawer565_drawer_open_libero90_t7_s10_r0_native_clearance_v8_160	drawer_open	20	100	True	True	False		True	True	True	True	True	True
drawer565_drawer_close_libero90_t0_s20_r0_native_clearance_v8_160	drawer_close	160	800	True	False	False			True	True	True	True	
drawer565_drawer_close_libero90_t28_s10_r0_native_clearance_v8_160	drawer_close	20	100	True	True	False		True	True	True	True	True	True
drawer565_drawer_open_libero90_t7_s20_r0_native_clearance_v8_160	drawer_open	25	125	True	True	False		True	True	True	True	True	True
drawer565_drawer_close_libero90_t0_s30_r0_native_clearance_v8_160	drawer_close	20	100	True	True	False		True	True	True	True	True	True
drawer565_drawer_open_libero90_t7_s30_r0_native_clearance_v8_160	drawer_open	25	125	True	True	False		True	True	True	True	True	True
drawer565_drawer_close_libero90_t22_s10_r0_native_clearance_v8_160	drawer_close	25	125	True	True	False		True	True	True	True	True	True
drawer565_drawer_open_libero90_t8_s10_r0_native_clearance_v8_160	drawer_open	20	100	True	True	False		True	True	True	True	True	True
drawer565_drawer_close_libero90_t22_s20_r0_native_clearance_v8_160	drawer_close	35	175	True	True	True		False	False	False		False	False
drawer565_drawer_open_libero90_t8_s20_r0_native_clearance_v8_160	drawer_open	20	100	True	True	False		True	True	True	True	True	True
drawer565_drawer_close_libero90_t22_s30_r0_native_clearance_v8_160	drawer_close	25	125	True	True	False	after_fixture_release	True	False	False	False	False	False
