cell,seed,method,on_setup_satisfied,failure_category,first_off_chunk,off_true_chunk_count,longest_true_off_start_chunk,longest_true_off_end_chunk,longest_true_off_scored_span_s,off_contact_q,recovery_q,recovery_joint_delta,after_contact_off,after_recovery_off,after_recovery_on,public_refinement_requested,public_refinement_executed,public_refinement_status,public_refinement_fusion_version,public_refinement_source_cameras,refinement_query_instances,wall_s
libero_goal_t7_s0__literal_off,0,literal_off,True,off_satisfied_after_contact_lost_during_combined_recovery,21,132,50,160,27.499999999974094,-0.005365468026562345,0.05864272009123775,0.0640081881178001,True,False,False,False,False,not_requested,,[],0,121.85297797759995
libero_goal_t7_s0__paraphrase_off,0,paraphrase_off,True,never_observed_off_in_fixed_contact,,0,,,,1.8538447655442802,1.894266829468946,0.04042206392466574,False,False,True,False,False,not_requested,,[],0,120.81898592691869
libero_goal_t7_s0__complete_knob_off,0,complete_knob_off,True,never_observed_off_in_fixed_contact,,0,,,,1.3503588580897465,1.39100615350939,0.040647295419643514,False,False,True,False,False,not_requested,,[],0,122.82009700592607
libero_goal_t7_s0__measured_complete_knob_off,0,measured_complete_knob_off,True,never_observed_off_in_fixed_contact,,0,,,,1.1751887030720112,1.1751848565265846,-3.8465454266223276e-06,False,False,True,True,False,unmeasured,rgbd_dual_view/1,[],0,125.55895753391087
libero_goal_t7_s1__literal_off,1,literal_off,True,transient_off_lost_during_fixed_contact,16,27,16,27,2.750000000003361,0.4273992158979035,0.4338472595280173,0.006448043630113809,False,False,False,False,False,not_requested,,[],0,125.61241473117843
libero_goal_t7_s1__paraphrase_off,1,paraphrase_off,True,never_observed_off_in_fixed_contact,,0,,,,1.450331641371918,1.4400888912403715,-0.010242750131546519,False,False,True,False,False,not_requested,,[],0,124.61740561015904
libero_goal_t7_s1__complete_knob_off,1,complete_knob_off,True,never_observed_off_in_fixed_contact,,0,,,,2.095692006624522,2.095692006624522,0.0,False,False,True,False,False,not_requested,,[],0,127.02108439384028
libero_goal_t7_s1__measured_complete_knob_off,1,measured_complete_knob_off,True,never_observed_off_in_fixed_contact,,0,,,,2.0997496674158667,2.086824464470598,-0.012925202945268666,False,False,True,True,False,unmeasured,rgbd_dual_view/1,[],0,128.52937385207042
libero_goal_t7_s2__literal_off,2,literal_off,True,off_satisfied_after_contact_lost_during_combined_recovery,48,72,48,62,3.5000000000042775,-0.006109754274248144,0.005253119539097888,0.011362873813346032,True,False,False,False,False,not_requested,,[],0,122.35766615811735
libero_goal_t7_s2__paraphrase_off,2,paraphrase_off,True,never_observed_off_in_fixed_contact,,0,,,,1.7115289261769688,1.7115293595216605,4.3334469168598844e-07,False,False,True,False,False,not_requested,,[],0,121.06703034369275
libero_goal_t7_s2__complete_knob_off,2,complete_knob_off,True,never_observed_off_in_fixed_contact,,0,,,,2.100051640231283,2.099700421860976,-0.00035121837030738234,False,False,True,False,False,not_requested,,[],0,120.86414493620396
libero_goal_t7_s2__measured_complete_knob_off,2,measured_complete_knob_off,True,never_observed_off_in_fixed_contact,,0,,,,1.0714248505364175,1.0448438442396837,-0.026581006296733767,False,False,True,True,False,unmeasured,rgbd_dual_view/1,[],0,123.43476615706459
libero_goal_t7_s3__literal_off,3,literal_off,True,transient_off_lost_during_fixed_contact,17,29,39,48,2.25000000000275,0.14180472153391596,0.13873632710838743,-0.003068394425528531,False,False,False,False,False,not_requested,,[],0,149.79455601703376
libero_goal_t7_s3__paraphrase_off,3,paraphrase_off,True,never_observed_off_in_fixed_contact,,0,,,,0.9332183137807155,0.9358167697378436,0.002598455957128043,False,False,True,False,False,not_requested,,[],0,151.5946933440864
libero_goal_t7_s3__complete_knob_off,3,complete_knob_off,True,never_observed_off_in_fixed_contact,,0,,,,1.1252089268121157,1.125162440405905,-4.6486406210632936e-05,False,False,True,False,False,not_requested,,[],0,148.34224894316867
libero_goal_t7_s3__measured_complete_knob_off,3,measured_complete_knob_off,True,never_observed_off_in_fixed_contact,,0,,,,1.1529621358942785,1.1592837937410032,0.006321657846724671,False,False,True,True,False,unmeasured,rgbd_dual_view/1,[],0,150.77413097815588
libero_goal_t7_s4__literal_off,4,literal_off,True,transient_off_lost_during_fixed_contact,17,57,37,61,6.000000000007333,0.43531141618620184,0.4943349238156466,0.05902350762944475,False,False,False,False,False,not_requested,,[],0,120.09556010132656
libero_goal_t7_s4__paraphrase_off,4,paraphrase_off,True,never_observed_off_in_fixed_contact,,0,,,,1.2590801809440266,1.2597994796072984,0.0007192986632718057,False,False,True,False,False,not_requested,,[],0,122.78379650507122
libero_goal_t7_s4__complete_knob_off,4,complete_knob_off,True,never_observed_off_in_fixed_contact,,0,,,,2.1002893897988106,2.0942549874450123,-0.006034402353798374,False,False,True,False,False,not_requested,,[],0,121.17706098919734
libero_goal_t7_s4__measured_complete_knob_off,4,measured_complete_knob_off,True,never_observed_off_in_fixed_contact,,0,,,,0.8721281269481891,0.9579653059463091,0.08583717899812005,False,False,True,True,False,unmeasured,rgbd_dual_view/1,[],0,123.49432774400339
