layout,base_original_seed,base_used,registered_x_delta_m,registered_y_delta_m,registered_yaw_delta_deg,yaw_residual_deg,other_object_vs_baseline_m,xy_transform_residual_m,base_restoration_error,layout_restoration_error,furniture_unchanged,geometry_fingerprint,new_state_sha256,registered_rawstate_path,registered_rawstate_file_sha256,baseline_preparation_status,skill_trial
moka_layout_580100,0,True,-0.015,-0.015,-10.0,-2.6351261283252825e-05,3.469446951953614e-18,1.043705007959664e-07,0.0,0.0,True,9999814ec8bb8d427099beb5403be223d02f5a58db562c7011f76207e0ddc9e6,4c4f34e4dd33df2ae682e624d0bc240acc8e778cbd76791c9704af8712c6efa1,/public/home/sunyihan/rpent_libero_eval/results/harness_v5/moka_layout_materialized_CPU_20261008/CPU_r1/moka_layout_580100/registered_rawstate.json,d2c691a27d304addf369ee6f0fbf1cd80be0f71863486c8a3982b54a48cdcdaa,baseline_audit_prepared,False
moka_layout_580101,1,True,-0.015,-0.015,10.0,2.6351835458626738e-05,0.0,1.0437050107726582e-07,0.0,0.0,True,08066332684fc650ce2a8635bae60a95ce5fdd901e3271ec59a42dbf07ff9b39,6e4e2c4d65a75883aa13958790812f05c5c97fe729438985082d7b9db6d6d79e,/public/home/sunyihan/rpent_libero_eval/results/harness_v5/moka_layout_materialized_CPU_20261008/CPU_r1/moka_layout_580101/registered_rawstate.json,754eb38abea3b0e6b79051ff9e55671795a78f2bc4575ceb32dd64630638f6d6,baseline_audit_prepared,False
moka_layout_580102,2,True,-0.015,0.0,-10.0,-2.6351261283252825e-05,2.45228796256662e-16,1.0437805200757631e-07,0.0,0.0,True,d2759d68b00d9b4c073530e409f7ce6dee646ac745c5aa5f0e8274490294ef0a,58ca4060e9958290f9079f9514da5d460a26f2c952b00d7d004250ad18012b70,/public/home/sunyihan/rpent_libero_eval/results/harness_v5/moka_layout_materialized_CPU_20261008/CPU_r1/moka_layout_580102/registered_rawstate.json,ae09857082ee9269d4e89b57a5abdea82a07363b22b494af52abf773576c1c10,baseline_audit_prepared,False
moka_layout_580103,3,True,-0.015,0.0,10.0,0.0017586596583214487,0.00038074809261159177,4.192211372764322e-05,0.0,0.0,True,1b17846f0061577b7c1d22ed247cc89fa952ec1ea69640005c609876d8b18106,166f862c94c98c193ce1a8111dc93565d58460893f537367a1754b55dc19e45d,/public/home/sunyihan/rpent_libero_eval/results/harness_v5/moka_layout_materialized_CPU_20261008/CPU_r1/moka_layout_580103/registered_rawstate.json,43f0c72ffae8456fda59e2e102eb4d2b649f8b7c6d5a830bfef37e1e5a9d2fd4,baseline_audit_prepared,False
moka_layout_580104,4,True,-0.015,0.015,-10.0,-2.6351261283252825e-05,0.0,1.0437050873360975e-07,0.0,0.0,True,cbe8ac95f28907c4e8635f96c940100cae3045ead8bb136fa5dd0a344dba74e8,bd2de7a71cd83496de1d3d5ba892708c3b6177029666f018397bc86e6d6ff21e,/public/home/sunyihan/rpent_libero_eval/results/harness_v5/moka_layout_materialized_CPU_20261008/CPU_r1/moka_layout_580104/registered_rawstate.json,ca79437e5746861e43b16b644cdcce5f7b868b1c3cae27b2effec7b14b93b5d7,baseline_audit_prepared,False
moka_layout_580105,5,True,-0.015,0.015,10.0,2.6351835458626738e-05,0.0,1.0437050344635549e-07,0.0,0.0,True,58ac237f80b0db48afb7ee96a21b2b16c1b3efc96a15fd5cfc7fcad33e187fda,e97ff49d4a0d1fa67869c53554105ac71bbfdd7fbcf5d5c60edeae079a88022f,/public/home/sunyihan/rpent_libero_eval/results/harness_v5/moka_layout_materialized_CPU_20261008/CPU_r1/moka_layout_580105/registered_rawstate.json,4bacb11d4c3c9758f923f3996e1c8a8cbb3cd0448fc7ded5eb687e9a5af3779d,baseline_audit_prepared,False
moka_layout_580106,6,True,-0.005,-0.015,-10.0,-2.6351261283252825e-05,0.0,1.0437050078386739e-07,0.0,0.0,True,7341e99bd2983047c46e1a139a01a7a7a21d2fc0e34eb7f10652dce5e4a94e31,d5485378d2928e1ecb1ff2026447449dd3a5efa1db76959da000007674ade01e,/public/home/sunyihan/rpent_libero_eval/results/harness_v5/moka_layout_materialized_CPU_20261008/CPU_r1/moka_layout_580106/registered_rawstate.json,6c4b62fb2483b14d786768251b970ba126268269078a7cec7262b53d5f655b15,baseline_audit_prepared,False
moka_layout_580107,7,True,-0.005,-0.015,10.0,2.6351835458626738e-05,0.0,1.0437050101940744e-07,0.0,0.0,True,0c6a016b1aa782aa6aafa04239f8cf8c8cc86ffa99fb9303c13f3757e3d0e9c2,259919ea8b32aae92f6c5f4e9706963d291e916a46b47dad01b7c51ac635b21f,/public/home/sunyihan/rpent_libero_eval/results/harness_v5/moka_layout_materialized_CPU_20261008/CPU_r1/moka_layout_580107/registered_rawstate.json,26e37c1f3bf1138327815a5450aa4322a752e54c74cfce43a733d71778bc0d2c,baseline_audit_prepared,False
moka_layout_580108,8,True,-0.005,0.0,-10.0,-2.6351261283252825e-05,0.0,1.0437050091714343e-07,0.0,0.0,True,1d9cb42655a96f4561fa98df1acd280086d2a1bbbd2c448476e100dfce5950af,9d267cb58f0e07f6078bc759ad1515fde850357bbc9b7949ca2be534abb44de5,/public/home/sunyihan/rpent_libero_eval/results/harness_v5/moka_layout_materialized_CPU_20261008/CPU_r1/moka_layout_580108/registered_rawstate.json,6facab70b2b93ed1f1e7cb9cac28b1226c0358dda4c143961f836f29995a58ce,baseline_audit_prepared,False
moka_layout_580109,9,True,-0.005,0.0,10.0,2.6351835458626738e-05,0.0,1.0437050133279144e-07,0.0,0.0,True,fe8859e5f0c67901a1ae83f498740574b74e79e8698dd3da45d2ad2b63e910ee,fddf7b416924261ff39e4f4238fbc8cbcf7328b745c3129939157d2ae3932773,/public/home/sunyihan/rpent_libero_eval/results/harness_v5/moka_layout_materialized_CPU_20261008/CPU_r1/moka_layout_580109/registered_rawstate.json,8b31b17de5624a577a0c8a0416e20eaeebbc18b2ce515d72c45ad4677bc3cd52,baseline_audit_prepared,False
moka_layout_580110,10,True,-0.005,0.015,-10.0,-2.6351261283252825e-05,0.0,1.0437050087074181e-07,0.0,0.0,True,261909b6590e5b9e26a6be97c4856c7766b84f65f266eb00fd7982d695313765,f8d52079c80cf18574d09923a8bdb480d3391a1b44cf64cc8427b409beec1fce,/public/home/sunyihan/rpent_libero_eval/results/harness_v5/moka_layout_materialized_CPU_20261008/CPU_r1/moka_layout_580110/registered_rawstate.json,faf10d25de2f1006d3fae59d203f24707f46f3f15482d1e88a75b3ecd9318acb,baseline_audit_prepared,False
moka_layout_580111,11,True,-0.005,0.015,10.0,2.6351835458626738e-05,0.0,1.0437050083899785e-07,0.0,0.0,True,e25dc23a25fd08b5c82608587eec1756c43ae58cc64a037bc6af04d8be14cb82,8e9b5ee7a3d21ce6e43732a7bef2f1fe990031e23afcbbb52eb5c30a676e91b4,/public/home/sunyihan/rpent_libero_eval/results/harness_v5/moka_layout_materialized_CPU_20261008/CPU_r1/moka_layout_580111/registered_rawstate.json,36ac95a28cf5a4914ff0d4aa0e17ae2719a6484a4a93101dedb5cce2a8f94c77,baseline_audit_prepared,False
moka_layout_580112,12,True,0.005,-0.015,-10.0,-2.6351261283252825e-05,0.0,1.0437050075599464e-07,0.0,0.0,True,71f9a5343e8b7311229e7d60591072eba0fdbfda8d6811d74670afffe0ed73e9,d463a84ce2506f3757f23f9d1c87a12958bbe66feb176592f755e222ec272544,/public/home/sunyihan/rpent_libero_eval/results/harness_v5/moka_layout_materialized_CPU_20261008/CPU_r1/moka_layout_580112/registered_rawstate.json,b7b5ce2b318651cbe851aaee977618ec5648390c4eb57b198c54d59efd826ddf,baseline_audit_prepared,False
moka_layout_580113,13,True,0.005,-0.015,10.0,2.6351835458626738e-05,0.0,1.0437051058182485e-07,0.0,0.0,True,96420ca8d656b7a2ab59ff1e828c99ced285a654215172fd1041bc0c8d7853ea,65b5f8e424949cb6eff2af6e89c570421f7674880cdccfab60832aa422b322fa,/public/home/sunyihan/rpent_libero_eval/results/harness_v5/moka_layout_materialized_CPU_20261008/CPU_r1/moka_layout_580113/registered_rawstate.json,190804fa8d88ac50802b806ccda10d6f7b1f6f9ecfcd5cdb89a99dc25d02ed5b,baseline_audit_prepared,False
moka_layout_580114,14,True,0.005,0.0,-10.0,-2.6351261283252825e-05,0.0,1.043705007937818e-07,0.0,0.0,True,0ff7ae9f3448aa032bf27191bc04dc6f63b8101c7945c92fce262fe850962d03,c1f5c8b33cc2d6e8f87998ee98dc3a7a69c5bbc5bec154ade3a9b2261ece79a0,/public/home/sunyihan/rpent_libero_eval/results/harness_v5/moka_layout_materialized_CPU_20261008/CPU_r1/moka_layout_580114/registered_rawstate.json,a19ba14eba027c77b5f3cdb988e0a253ed0ccab754d8e814babf47d8d175f70a,baseline_audit_prepared,False
moka_layout_580115,15,True,0.005,0.0,10.0,2.6351835458626738e-05,0.0,1.0437050103536719e-07,0.0,0.0,True,a83782c444b96783990847bc597537efa074b17681b0f261d1a6f262c2581bb4,988b26e9fdf90192ab5dc0b2e91f80787a8e4be9a8e48f3a776ec5c2cd40f25c,/public/home/sunyihan/rpent_libero_eval/results/harness_v5/moka_layout_materialized_CPU_20261008/CPU_r1/moka_layout_580115/registered_rawstate.json,b9bbdf11faf5855add278647dd0c675db21d47f12cf25570d31e97f8dde27271,baseline_audit_prepared,False
moka_layout_580116,16,True,0.005,0.015,-10.0,-2.6351261283252825e-05,6.938893903907228e-18,1.0437053928800912e-07,0.0,0.0,True,6e0c320524ab3feb2d144d1b4d7e3b3b5d5b6097bb94c885a3665b6a6412217c,cf2f8ec4046a0d92cc35ab7d48e291e398a969ed9dd9cc6e4d33de5d46ca6e52,/public/home/sunyihan/rpent_libero_eval/results/harness_v5/moka_layout_materialized_CPU_20261008/CPU_r1/moka_layout_580116/registered_rawstate.json,fda43e319f2e4d1c81f3f45f7b887ac01ffc73c25b497386418c512db2a9daa3,baseline_audit_prepared,False
moka_layout_580117,17,True,0.005,0.015,10.0,2.6351835458626738e-05,0.0,1.04370501028491e-07,0.0,0.0,True,c71153c33a5242115cab7c84d2ef5bbb05423a49eae48ab8804adf9a41df0a92,1794f46a71b8da6119306d99e0ea05ea4e6945943de363bda4f960f772e8844b,/public/home/sunyihan/rpent_libero_eval/results/harness_v5/moka_layout_materialized_CPU_20261008/CPU_r1/moka_layout_580117/registered_rawstate.json,e9bffb990e050d8849de2a6b15aeaf3342f9c2aa7810efe0613ae671bcc5b97c,baseline_audit_prepared,False
moka_layout_580118,18,True,0.015,-0.015,-10.0,-2.6351261283252825e-05,0.0,1.0437050103481976e-07,0.0,0.0,True,e814f4f73d2598f1bc51b206cf165c55d9530ed1e8180a99d642229050c0570d,a6006d75363d198aa376ed2053a9437c223359b807d17903f7cacbe6713af083,/public/home/sunyihan/rpent_libero_eval/results/harness_v5/moka_layout_materialized_CPU_20261008/CPU_r1/moka_layout_580118/registered_rawstate.json,7c85ad88d6373391af424279eb8964dc953239e95afd7abb393750430b82c59b,baseline_audit_prepared,False
moka_layout_580119,19,True,0.015,-0.015,10.0,2.6351835458626738e-05,0.0,1.0437050099203464e-07,0.0,0.0,True,3dee2325b10131a8c13290600dc5c52350c370f3a8189c5576407f767733f06a,c94b3441783e8197db5391004a6847fc4a4850d5ac3d155ae8632aac3b87c489,/public/home/sunyihan/rpent_libero_eval/results/harness_v5/moka_layout_materialized_CPU_20261008/CPU_r1/moka_layout_580119/registered_rawstate.json,fe54de5a858273af120afd9415d737943a7d135ffa4208e5a101268b376ae065,baseline_audit_prepared,False
moka_layout_580120,20,True,0.015,0.0,-10.0,-2.6351261283252825e-05,0.0,1.0437050084193417e-07,0.0,0.0,True,e3187896150564914a6765fc4d8327ce4d2e9a7f1166fcf2b55664c63efa3309,7aa55b4c5b33f35d00979ac1d338a72e37416c4755febe90da93a91298f9fa4e,/public/home/sunyihan/rpent_libero_eval/results/harness_v5/moka_layout_materialized_CPU_20261008/CPU_r1/moka_layout_580120/registered_rawstate.json,e6b557b636739ec915b90f6187395f8666818d70f7e7847853e57ee7c5637d09,baseline_audit_prepared,False
moka_layout_580121,21,True,0.015,0.0,10.0,2.6351835458626738e-05,0.0,1.0437050105588675e-07,0.0,0.0,True,3502d52cf63bd27837b87b1cd3526c011ddef26188e0c69bba9948b0868f9095,d4904860dbfb0c8ef984c6e876609de5e5e72e74cf11c88d64bcfada06ff208e,/public/home/sunyihan/rpent_libero_eval/results/harness_v5/moka_layout_materialized_CPU_20261008/CPU_r1/moka_layout_580121/registered_rawstate.json,4a18c06d597f35a5aa1abea3408f981b2f746885bb520d26e02b5aabd2dbe7e0,baseline_audit_prepared,False
moka_layout_580122,22,True,0.015,0.015,-10.0,-2.6351261283252825e-05,0.0,1.0437050290557556e-07,0.0,0.0,True,c8ca5409d7152608dd50d24b691b19a5548692c6873a4df0f5ee731ba4428e2d,4469c65a68a9253cac8f2122e601d81204b98788b922f0ba58aa7d168da57a10,/public/home/sunyihan/rpent_libero_eval/results/harness_v5/moka_layout_materialized_CPU_20261008/CPU_r1/moka_layout_580122/registered_rawstate.json,194fb8ea0951c3c671ad427f1f4492c107de088c975eacabf22fe014a09d2c85,baseline_audit_prepared,False
moka_layout_580123,23,True,0.015,0.015,10.0,2.6351835458626738e-05,0.0,1.0437050279680564e-07,0.0,0.0,True,46b7ee922d239176c14079c16a62e792f0c75332e10cb10827e8d96cacf8d4be,d7d1412d233add6dbb59e9bd930a56ca10679d92146104cb9cc3782b4ef94d44,/public/home/sunyihan/rpent_libero_eval/results/harness_v5/moka_layout_materialized_CPU_20261008/CPU_r1/moka_layout_580123/registered_rawstate.json,44be9211f1f238a60c8f2c665e94ec5ad75c858c051b74b26d0092a0c6f3c82f,baseline_audit_prepared,False
