provider,suite,task,seed,path,bytes,sha256
dagger2323,libero_spatial_swap,0,0,/public/home/sunyihan/rpent_libero_eval/results/main15_v2/dagger2323/libero_spatial_swap/task_0_seed_0/episode.mp4,129144,87816951cdee0367dc55f2972b8fb128255eb19c1760cc06cba24c5c3277f8bb
dagger2323,libero_spatial_swap,1,0,/public/home/sunyihan/rpent_libero_eval/results/main15_v2/dagger2323/libero_spatial_swap/task_1_seed_0/episode.mp4,827792,dfddb42240f1500d91d2365b8500cc8d23a1164c5abdb94be6ef77ed11b8ee62
dagger2323,libero_spatial_swap,2,0,/public/home/sunyihan/rpent_libero_eval/results/main15_v2/dagger2323/libero_spatial_swap/task_2_seed_0/episode.mp4,78543,6f2065d09d4f254e301896791d1582e18cd5e5dc68c3fc96e8c1aea8de19a552
dagger2323,libero_spatial_swap,3,0,/public/home/sunyihan/rpent_libero_eval/results/main15_v2/dagger2323/libero_spatial_swap/task_3_seed_0/episode.mp4,706315,7415cf5b511be5a604f1502fa392ad1ca64850bf3ea14b703f0f7d6a920891a2
dagger2323,libero_spatial_swap,4,0,/public/home/sunyihan/rpent_libero_eval/results/main15_v2/dagger2323/libero_spatial_swap/task_4_seed_0/episode.mp4,783467,7c07ea213590d0398d1f4747db7b9d8bec76dafb8a0cbce05f6f1f6640ba58ef
dagger2323,libero_spatial_swap,5,0,/public/home/sunyihan/rpent_libero_eval/results/main15_v2/dagger2323/libero_spatial_swap/task_5_seed_0/episode.mp4,612707,4f758a439531b5aec406cced091c2b823992d8dfed1e08383dfb3785eb3e0954
dagger2323,libero_spatial_swap,6,0,/public/home/sunyihan/rpent_libero_eval/results/main15_v2/dagger2323/libero_spatial_swap/task_6_seed_0/episode.mp4,675540,a744db5d6af74cac52955029477114503f2cd8e1c6f4544f431799ca4066259e
dagger2323,libero_spatial_swap,7,0,/public/home/sunyihan/rpent_libero_eval/results/main15_v2/dagger2323/libero_spatial_swap/task_7_seed_0/episode.mp4,565798,fae291903a485616953d02e3a97ae3195ac2e4c777730107bcd83ebbc55d37e0
dagger2323,libero_spatial_swap,8,0,/public/home/sunyihan/rpent_libero_eval/results/main15_v2/dagger2323/libero_spatial_swap/task_8_seed_0/episode.mp4,104473,d2a895ebec7ca2e33a48612c4517d59dcaf22045e7208004475a8831c4e40754
dagger2323,libero_spatial_swap,9,0,/public/home/sunyihan/rpent_libero_eval/results/main15_v2/dagger2323/libero_spatial_swap/task_9_seed_0/episode.mp4,385717,6fecfb52f7439a89ffc55e9f25614dc087ea1b987232ed2e925ea885b2bc8ae8
dagger2323,libero_object_swap,0,0,/public/home/sunyihan/rpent_libero_eval/results/main15_v2/dagger2323/libero_object_swap/task_0_seed_0/episode.mp4,1190992,8c57bbd8aa399ca5b62a64e39b036261ea837b968cd8c7e78ebc0e7b90520686
dagger2323,libero_object_swap,1,0,/public/home/sunyihan/rpent_libero_eval/results/main15_v2/dagger2323/libero_object_swap/task_1_seed_0/episode.mp4,543586,2539afd982f89f132d8942919cf3f78b9cde209e1ab2a2a4b6470742935b3b8f
dagger2323,libero_object_swap,2,0,/public/home/sunyihan/rpent_libero_eval/results/main15_v2/dagger2323/libero_object_swap/task_2_seed_0/episode.mp4,647545,03c348f78b7eed888b150919bed848716322878fd88d16c065d60e2d26efe580
dagger2323,libero_object_swap,3,0,/public/home/sunyihan/rpent_libero_eval/results/main15_v2/dagger2323/libero_object_swap/task_3_seed_0/episode.mp4,657212,f6f56c4f03da588a196440098e7cac72c2030e8c84284190553fe7b184ebdb5c
dagger2323,libero_object_swap,4,0,/public/home/sunyihan/rpent_libero_eval/results/main15_v2/dagger2323/libero_object_swap/task_4_seed_0/episode.mp4,516365,f2d4af0ccc56d06a15ca30dfc2b3e210d98ed19619f19f59469e6696eb061c8c
dagger2323,libero_object_swap,5,0,/public/home/sunyihan/rpent_libero_eval/results/main15_v2/dagger2323/libero_object_swap/task_5_seed_0/episode.mp4,755928,b7a4b77425fb9d81c728da3595f9a9b00d12c967676cb209ddc686bdb0082d05
dagger2323,libero_object_swap,6,0,/public/home/sunyihan/rpent_libero_eval/results/main15_v2/dagger2323/libero_object_swap/task_6_seed_0/episode.mp4,747788,2ac1f264459e5b8d1c3dd94ee84c8a2a3d826037a3f78900958f67741135ecaf
dagger2323,libero_object_swap,7,0,/public/home/sunyihan/rpent_libero_eval/results/main15_v2/dagger2323/libero_object_swap/task_7_seed_0/episode.mp4,113595,b3a05c0377dbcce59dea02dfd8674cde5d1c1e4b3af1628524f955c59150af43
dagger2323,libero_object_swap,8,0,/public/home/sunyihan/rpent_libero_eval/results/main15_v2/dagger2323/libero_object_swap/task_8_seed_0/episode.mp4,274753,759b104fe099a9cfa66475142c29c48008e1faaaa317a0d0d43cb56665f6cdad
dagger2323,libero_object_swap,9,0,/public/home/sunyihan/rpent_libero_eval/results/main15_v2/dagger2323/libero_object_swap/task_9_seed_0/episode.mp4,520078,a9c9b79c2b91b729a7e983a70faf016f6b116a6be79cad6a0125e9892912fd0e
qwen4b,libero_spatial_swap,0,0,/public/home/sunyihan/rpent_libero_eval/results/main15_v2/qwen4b/libero_spatial_swap/task_0_seed_0/episode.mp4,46453,b9b928e37129f2663737c88206a493b9af41a65d21e0156e0bcdf157224a32e8
qwen4b,libero_spatial_swap,1,0,/public/home/sunyihan/rpent_libero_eval/results/main15_v2/qwen4b/libero_spatial_swap/task_1_seed_0/episode.mp4,105424,f4d2490b13c4bfa5415041839028a2895083011c2b448c8d5196fb21d3e99368
qwen4b,libero_spatial_swap,2,0,/public/home/sunyihan/rpent_libero_eval/results/main15_v2/qwen4b/libero_spatial_swap/task_2_seed_0/episode.mp4,43341,231dfeffbfb982320b35807c033eca674a7cbd56ea196a96a5f721f532aaee9a
qwen4b,libero_spatial_swap,3,0,/public/home/sunyihan/rpent_libero_eval/results/main15_v2/qwen4b/libero_spatial_swap/task_3_seed_0/episode.mp4,569116,f2aa8694831135cbf1c145ad3a6bcbad78a326b921b66e8e0e72aff00e6ac422
qwen4b,libero_spatial_swap,4,0,/public/home/sunyihan/rpent_libero_eval/results/main15_v2/qwen4b/libero_spatial_swap/task_4_seed_0/episode.mp4,60480,d25fe4c31e763ff39a9039a61ea92e94dcdd79532e1c571e595d6b8a524f7175
qwen4b,libero_spatial_swap,5,0,/public/home/sunyihan/rpent_libero_eval/results/main15_v2/qwen4b/libero_spatial_swap/task_5_seed_0/episode.mp4,53517,7a83ac15664bcb809eb2dcb68786e5d464e13d1958156b4a5237d0bece695dde
qwen4b,libero_spatial_swap,6,0,/public/home/sunyihan/rpent_libero_eval/results/main15_v2/qwen4b/libero_spatial_swap/task_6_seed_0/episode.mp4,936375,76b0dfb34bbb5d5e6a9fe67a695b6466c345c832b5fa19d09980a5f8943d1d4a
qwen4b,libero_spatial_swap,7,0,/public/home/sunyihan/rpent_libero_eval/results/main15_v2/qwen4b/libero_spatial_swap/task_7_seed_0/episode.mp4,78816,7db7684bcc21728d071a21ebf56c8c0276e0a7884f938a1f8303880346dd13c4
qwen4b,libero_spatial_swap,8,0,/public/home/sunyihan/rpent_libero_eval/results/main15_v2/qwen4b/libero_spatial_swap/task_8_seed_0/episode.mp4,96858,df27ace2e51066ad15229b9f527af44d5beafe8b54f675ec039c05dd5e515031
qwen4b,libero_spatial_swap,9,0,/public/home/sunyihan/rpent_libero_eval/results/main15_v2/qwen4b/libero_spatial_swap/task_9_seed_0/episode.mp4,77089,a1090bde2986b83f2e3d41eb8974679b83f8bbebac6d36daab138079bd3d668e
qwen4b,libero_object_swap,0,0,/public/home/sunyihan/rpent_libero_eval/results/main15_v2/qwen4b/libero_object_swap/task_0_seed_0/episode.mp4,149940,74cadf79c0ddffc9b82915d7351c2a48c05330443b9f124d57932e7aedc743ec
qwen4b,libero_object_swap,1,0,/public/home/sunyihan/rpent_libero_eval/results/main15_v2/qwen4b/libero_object_swap/task_1_seed_0/episode.mp4,66363,e6b43dc7d1e21afd595cfa179b95db8ba18b0f7acd6f4415dab0726646ac99dc
qwen4b,libero_object_swap,2,0,/public/home/sunyihan/rpent_libero_eval/results/main15_v2/qwen4b/libero_object_swap/task_2_seed_0/episode.mp4,45951,5bd910f96212628ae3af41e7a8766a3e2076cdb99200c6d0cf37147f1e29ee68
qwen4b,libero_object_swap,3,0,/public/home/sunyihan/rpent_libero_eval/results/main15_v2/qwen4b/libero_object_swap/task_3_seed_0/episode.mp4,73580,bb03a6a06ab944906ba9724c13ce39f87f5cf97191863c0a1cb8c4744e298331
qwen4b,libero_object_swap,4,0,/public/home/sunyihan/rpent_libero_eval/results/main15_v2/qwen4b/libero_object_swap/task_4_seed_0/episode.mp4,64769,8314403723dca866fac00b2cd48b3c4c9fa55ffa5054155c72bad3b18a4a3537
qwen4b,libero_object_swap,5,0,/public/home/sunyihan/rpent_libero_eval/results/main15_v2/qwen4b/libero_object_swap/task_5_seed_0/episode.mp4,61166,64468da92147366d8a55a6df594be61157fa8f4f3ed0baadef30eff73a12b2bd
qwen4b,libero_object_swap,6,0,/public/home/sunyihan/rpent_libero_eval/results/main15_v2/qwen4b/libero_object_swap/task_6_seed_0/episode.mp4,66353,96c4bf33b8544ea95add61c7ed4f7d6f7bb616e3d441d8d6820490ceba81daad
qwen4b,libero_object_swap,7,0,/public/home/sunyihan/rpent_libero_eval/results/main15_v2/qwen4b/libero_object_swap/task_7_seed_0/episode.mp4,314625,e89070348297690fa4429a823bb5b45e3fd4c304b2eeac98b2351b814e2c12c8
qwen4b,libero_object_swap,8,0,/public/home/sunyihan/rpent_libero_eval/results/main15_v2/qwen4b/libero_object_swap/task_8_seed_0/episode.mp4,78545,6cf80df325dc06e8e14ead3ee1453ee7d91c8416fdbc25f08ff4cab1bf56e54f
qwen4b,libero_object_swap,9,0,/public/home/sunyihan/rpent_libero_eval/results/main15_v2/qwen4b/libero_object_swap/task_9_seed_0/episode.mp4,44404,58f513f349b3534aa1bdd0ed322e8ec2c4f2eb00a9149745963a7fa4e697b5a7
jev,libero_spatial_swap,0,0,/public/home/sunyihan/rpent_libero_eval/results/main15_v2/jev/libero_spatial_swap/task_0_seed_0/episode.mp4,74747,8f925b9dfa5e6c5ae232e93ea2d98acf8a773d7f583f7e4758d13fdfc62d9f32
jev,libero_spatial_swap,1,0,/public/home/sunyihan/rpent_libero_eval/results/main15_v2/jev/libero_spatial_swap/task_1_seed_0/episode.mp4,386066,c4a492bc8d4a2df6c44d39926d39675da0046423a319223a0703953149a99017
jev,libero_spatial_swap,2,0,/public/home/sunyihan/rpent_libero_eval/results/main15_v2/jev/libero_spatial_swap/task_2_seed_0/episode.mp4,68621,75036e0071e8ede43a1239829cbf8b9df23ee9498f6d8fcb7297641e23f8d46b
jev,libero_spatial_swap,3,0,/public/home/sunyihan/rpent_libero_eval/results/main15_v2/jev/libero_spatial_swap/task_3_seed_0/episode.mp4,72490,41d31d25de96c456d55d7ececfca0a22b4bacb33aef805388156c3d7156b10df
jev,libero_spatial_swap,4,0,/public/home/sunyihan/rpent_libero_eval/results/main15_v2/jev/libero_spatial_swap/task_4_seed_0/episode.mp4,563800,cc23116d8a3be10d13d38c1ba031c93e17321bf9449a60258c303a751c68e6bf
jev,libero_spatial_swap,5,0,/public/home/sunyihan/rpent_libero_eval/results/main15_v2/jev/libero_spatial_swap/task_5_seed_0/episode.mp4,1013333,159ced9d035f5845d5183e27865532816afb092f08e7722b384eb24aaa2f79a2
jev,libero_spatial_swap,6,0,/public/home/sunyihan/rpent_libero_eval/results/main15_v2/jev/libero_spatial_swap/task_6_seed_0/episode.mp4,769275,6e4581e2302363610d591f90855ecbf72063f82e0c759fff99e504a2deff94ad
jev,libero_spatial_swap,7,0,/public/home/sunyihan/rpent_libero_eval/results/main15_v2/jev/libero_spatial_swap/task_7_seed_0/episode.mp4,532933,864d03b1a2c14f6f2121fbbd42f44315b3fc131d856e06fac9ceae0199c63505
jev,libero_spatial_swap,8,0,/public/home/sunyihan/rpent_libero_eval/results/main15_v2/jev/libero_spatial_swap/task_8_seed_0/episode.mp4,145366,adad248cb85cd297d6ddadf6c3562466bc98af6bafa0679f367ebac63a65c6ca
jev,libero_spatial_swap,9,0,/public/home/sunyihan/rpent_libero_eval/results/main15_v2/jev/libero_spatial_swap/task_9_seed_0/episode.mp4,428462,810b3ab84c47f88291b5e638ec9fb744cbac66c61dc0ef9589c22b3ad8934a99
jev,libero_object_swap,0,0,/public/home/sunyihan/rpent_libero_eval/results/main15_v2/jev/libero_object_swap/task_0_seed_0/episode.mp4,58177,5cdb0bffd0f4042fa3b4771e3f3afbb000edf758b822e72834e06ac8ad5c370c
jev,libero_object_swap,1,0,/public/home/sunyihan/rpent_libero_eval/results/main15_v2/jev/libero_object_swap/task_1_seed_0/episode.mp4,170195,e806ce534f1902a382f963bbc5b9e4071c80eb046d0f76bffcc29726b0943cee
jev,libero_object_swap,2,0,/public/home/sunyihan/rpent_libero_eval/results/main15_v2_completion_20260929/jev/libero_object_swap/task_2_seed_0/episode.mp4,738400,e14cf11d26dd0d8fac3a723bc7a25095db5bf676b49e2b6f59fce18218a9d5b1
jev,libero_object_swap,3,0,/public/home/sunyihan/rpent_libero_eval/results/main15_v2_completion_20260929/jev/libero_object_swap/task_3_seed_0/episode.mp4,423733,96c3b5dcedc2cfb20dbe4b049d68194f83276a6b7f560d63a44a38ada233bb51
jev,libero_object_swap,4,0,/public/home/sunyihan/rpent_libero_eval/results/main15_v2_completion_20260929/jev/libero_object_swap/task_4_seed_0/episode.mp4,203029,25cff72b4bc6a3a5faae8d281f64b93fb533a1aa1ae74c95774fb86e499f65f3
jev,libero_object_swap,5,0,/public/home/sunyihan/rpent_libero_eval/results/main15_v2_completion_20260929/jev/libero_object_swap/task_5_seed_0/episode.mp4,608847,b573f72cab76b7210b2deb72dbdbe0ef0d0904b1288b4a42e66b1b0cba58bd9f
jev,libero_object_swap,6,0,/public/home/sunyihan/rpent_libero_eval/results/main15_v2_completion_20260929/jev/libero_object_swap/task_6_seed_0/episode.mp4,340933,d46d546e0d4f1e6982779ae9450c1a832681a7addf8e50011c6eaf9771b3900e
jev,libero_object_swap,7,0,/public/home/sunyihan/rpent_libero_eval/results/main15_v2_completion_20260929/jev/libero_object_swap/task_7_seed_0/episode.mp4,818660,de31bc6c598b07b13c4f6a2f248a04962e3d0b1b9f2fbd12338c7746b6287cee
jev,libero_object_swap,8,0,/public/home/sunyihan/rpent_libero_eval/results/main15_v2_completion_20260929/jev/libero_object_swap/task_8_seed_0/episode.mp4,379536,1de25b5099509631a0e22d13e2a481a504694365b7b42389c686e7128e6f60b0
jev,libero_object_swap,9,0,/public/home/sunyihan/rpent_libero_eval/results/main15_v2_completion_20260929/jev/libero_object_swap/task_9_seed_0/episode.mp4,122204,6087616e3ffce6ae6f7770f96ba65dcb9cc2523f6b4cc426c5921bd0ef8a4308
