case	type	actual_vla_chunks	actual_executed_controls	public_contact_stop_triggered	public_stop_explicit_in_receipt	public_stop_inferred_from_frozen_callback_and_control_flow	stop_previous_signed_extension_m	stop_sample_signed_extension_m	post_recovery_public_verdict	private_final	post_recovery_geometry_category	post_recovery_signed_extension_m	public_stop_but_final_requested_endpoint_false
drawer565_drawer_open_libero90_t6_s10_r0_native_public_stop_v6_160	drawer_open	35	175	True	True	False	0.160369873046875	0.160003662109375	True	True	measured_endpoint_result	0.159881591796875	False
drawer565_drawer_open_libero90_t8_s30_r0_native_public_stop_v6_160	drawer_open	25	125	True	True	False	0.1605224609375	0.1605224609375	False	False	measured_endpoint_result	0.129150390625	True
drawer565_drawer_close_libero90_t23_s10_r0_native_public_stop_v6_160	drawer_close	160	800	False	False	False			False	False	measured_endpoint_result	0.00146484375	False
drawer565_drawer_open_libero90_t6_s20_r0_native_public_stop_v6_160	drawer_open	35	175	True	True	False	0.160003662109375	0.160003662109375	True	True	measured_endpoint_result	0.1600341796875	False
drawer565_drawer_open_libero90_t11_s10_r0_native_public_stop_v6_160	drawer_open	20	100	True	True	False	0.1605224609375	0.16009521484375	True	True	measured_endpoint_result	0.159637451171875	False
drawer565_drawer_close_libero90_t23_s20_r0_native_public_stop_v6_160	drawer_close	10	50	True	True	False	-0.0086669921875	-0.009033203125	False	False	measured_endpoint_result	0.1578369140625	True
drawer565_drawer_open_libero90_t6_s30_r0_native_public_stop_v6_160	drawer_open	35	175	True	True	False	0.1600341796875	0.16009521484375	True	True	measured_endpoint_result	0.1593017578125	False
drawer565_drawer_close_libero90_t0_s10_r0_native_public_stop_v6_160	drawer_close	20	100	True	True	False	-0.0015869140625	-0.0015869140625	True	True	measured_endpoint_result	-0.0015869140625	False
drawer565_drawer_close_libero90_t23_s30_r0_native_public_stop_v6_160	drawer_close	30	150	True	True	False	-0.0001220703125	-0.001708984375	True	True	measured_endpoint_result	-0.00146484375	False
drawer565_drawer_open_libero90_t7_s10_r0_native_public_stop_v6_160	drawer_open	25	125	True	True	False	0.160125732421875	0.159881591796875	True	True	measured_endpoint_result	0.159515380859375	False
drawer565_drawer_close_libero90_t0_s20_r0_native_public_stop_v6_160	drawer_close	160	800	False	False	False				True	measured_reference_frame_not_stable		False
drawer565_drawer_close_libero90_t28_s10_r0_native_public_stop_v6_160	drawer_close	20	100	True	True	False	-0.0013427734375	-0.0013427734375	True	True	measured_endpoint_result	-0.0013427734375	False
drawer565_drawer_open_libero90_t7_s20_r0_native_public_stop_v6_160	drawer_open	25	125	True	True	False	0.16015625	0.159942626953125	True	True	measured_endpoint_result	0.159820556640625	False
drawer565_drawer_close_libero90_t0_s30_r0_native_public_stop_v6_160	drawer_close	20	100	True	True	False	-0.00146484375	-0.00146484375	True	True	measured_endpoint_result	-0.00146484375	False
drawer565_drawer_open_libero90_t7_s30_r0_native_public_stop_v6_160	drawer_open	25	125	True	True	False	0.16070556640625	0.1605224609375	True	True	measured_endpoint_result	0.15972900390625	False
drawer565_drawer_close_libero90_t22_s10_r0_native_public_stop_v6_160	drawer_close	25	125	True	False	True	-0.0010986328125	-0.001708984375		False	metrology_not_run_waypoint_not_reached		True
drawer565_drawer_open_libero90_t8_s10_r0_native_public_stop_v6_160	drawer_open	45	225	True	True	False	0.160675048828125	0.159088134765625	True	True	measured_endpoint_result	0.159759521484375	False
drawer565_drawer_close_libero90_t22_s20_r0_native_public_stop_v6_160	drawer_close	25	125	True	False	True	-0.000732421875	-0.0003662109375		False	metrology_not_run_waypoint_not_reached		True
drawer565_drawer_open_libero90_t8_s20_r0_native_public_stop_v6_160	drawer_open	20	100	True	True	False	0.15802001953125	0.159759521484375	True	True	measured_endpoint_result	0.15435791015625	False
drawer565_drawer_close_libero90_t22_s30_r0_native_public_stop_v6_160	drawer_close	35	175	True	True	False	-0.0018310546875	-0.00146484375	True	True	measured_endpoint_result	-0.0015869140625	False
